id,Bestellnummer,Menge,EAN,Name,Variante,Kategorie,L3-EK (privat),Aufschlag Standard,Aufschlag Minimum,VK
CAT00001,"=""8202003""",,"=""4260659613976""",Atmizoo Tripod RTA Selbstwickler Tank,"=""silver-ice-matt""",Pods,,25%,15%,
CAT00002,"=""8205003""",,"=""4260659614010""",Atmizoo Tripod RTA Fixed Airflow Tubes Kit,,Pods,,25%,15%,
CAT00003,"=""8205005""",,"=""4260659614034""",Atmizoo Tripod RTA Extension Kit 3.4ml,,Pods,,25%,15%,
CAT00004,"=""8205006""",,"=""4260659614041""",Atmizoo Tripod RTA O-Rings Kit (main),,Pods,,25%,15%,
CAT00005,"=""2202183""",,"=""4260659616182""",Vandy Vape Kylin M AIO Pod Tank Verdampfer,"=""schwarz""",Pods,,25%,15%,
CAT00006,"=""2502011""",,"=""4260659618261""",2x Voopoo PnP Pod Tankverdampfer - ohne Coil,,Pods,,25%,15%,
CAT00007,"=""1602110""",,"=""4260754132501""",2x Uwell Caliburn G2 Pod Tank Verdampfer - Ohne Coil,,Pods,,25%,15%,
CAT00008,"=""10092001""",,"=""3859893933196""",3x KIWI Pod Tank Verdampfer,"=""transparent""",Pods,,25%,15%,
CAT00009,"=""10092002""",,"=""3859893933066""",3x KIWI Pod Tank Verdampfer,"=""schwarz""",Pods,,25%,15%,
CAT00010,"=""10095001""",,"=""3856031816533""",20x KIWI Pod Kit Filter,"=""weiss""",Pods,,25%,15%,
CAT00011,"=""10095002""",,"=""3856031816632""",KIWI Pod Kit Drip Tip,"=""schwarz""",Pods,,25%,15%,
CAT00012,"=""1602111""",,"=""4260754134796""",2x Uwell Popreel N1 Pod Tank Verdampfer,,Pods,,25%,15%,
CAT00013,"=""1202238""",,"=""4260607176829""",3x GeekVape Wenax H1 Pod Tank Verdampfer 0.7 Ohm,"=""0.7""",Pods,,25%,15%,
CAT00014,"=""2502063""",,"=""4260769631112""",2x Voopoo VMATE V2 Pod Tank Verdampfer,"=""0.7""",Pods,,25%,15%,
CAT00015,"=""2502064""",,"=""4260769631129""",2x Voopoo VMATE V2 Pod Tank Verdampfer,"=""1.2""",Pods,,25%,15%,
CAT00016,"=""802093""",,"=""4262423778645""",4x Vaporesso XROS Mesh Pod Tank Verdampfer - 0.8 Ohm,"=""0.8""",Pods,,25%,15%,
CAT00017,"=""1201339""",,"=""4260769633864""",Geekvape Sonder U Pod Kit,"=""black""",Pods,,25%,15%,
CAT00018,"=""1201341""",,"=""4260769633888""",Geekvape Sonder U Pod Kit,"=""white""",Pods,,25%,15%,
CAT00019,"=""1201342""",,"=""4260769633895""",Geekvape Sonder U Pod Kit,"=""wine-red""",Pods,,25%,15%,
CAT00020,"=""1201343""",,"=""4260769633901""",Geekvape Sonder U Pod Kit,"=""celeste-glaze""",Pods,,25%,15%,
CAT00021,"=""1202242""",,"=""4260769634052""",3x GeekVape U Pod Tank Verdampfer 0.7 Ohm,"=""0.7""",Pods,,25%,15%,
CAT00022,"=""2401061""",,"=""4260769636988""",DotMod dotPod Nano Kit,"=""royal-blue""",Pods,,25%,15%,
CAT00023,"=""2401063""",,"=""4260769636971""",DotMod dotPod Nano Kit,"=""grey""",Pods,,25%,15%,
CAT00024,"=""2401064""",,"=""4260769637015""",DotMod dotPod Nano Kit,"=""brown""",Pods,,25%,15%,
CAT00025,"=""2401065""",,"=""4260769636995""",DotMod dotPod Nano Kit,"=""red""",Pods,,25%,15%,
CAT00026,"=""2401066""",,"=""4260769637008""",DotMod dotPod Nano Kit,"=""orange""",Pods,,25%,15%,
CAT00027,"=""2502066""",,"=""4260769635776""",3x VooPoo Vinci Series V2 Pod Tank Verdampfer,"=""0.8""",Pods,,25%,15%,
CAT00028,"=""804049""",,"=""4262403382442""",2x Vaporesso Luxe X M Pod Tank Verdampfer 0.8 Ohm,"=""0.8""",Pods,,25%,15%,
CAT00029,"=""801388""",,"=""4262403382299""",Vaporesso XROS 3 Pod Kit,"=""space-grey""",Pods,,25%,15%,
CAT00030,"=""801387""",,"=""4262403382282""",Vaporesso XROS 3 Pod Kit,"=""icy-silver""",Pods,,25%,15%,
CAT00031,"=""802099""",,"=""4262423778638""",4x Vaporesso XROS Mesh Pod Tank Verdampfer - 0.6 Ohm,"=""0.6""",Pods,,25%,15%,
CAT00032,"=""9502002""",,"=""4262403383760""",2x Nevoks Feelin Pod Tank Verdampfer - Ohne Coil,,Pods,,25%,15%,
CAT00033,"=""9501028""",,"=""4262403383739""",Nevoks Feelin X Pod Kit,"=""ocean-blue""",Pods,,25%,15%,
CAT00034,"=""9501025""",,"=""4262403383722""",Nevoks Feelin X Pod Kit,"=""red""",Pods,,25%,15%,
CAT00035,"=""9502003""",,"=""4262403383777""",2x Nevoks Feelin X Pod Tank Verdampfer - Ohne Coil,,Pods,,25%,15%,
CAT00036,"=""802092""",,"=""4260769632386""",4x Vaporesso XROS Mesh Pod Tank Verdampfer - 0.7 Ohm,"=""0.7""",Pods,,25%,15%,
CAT00037,"=""2405162""",,"=""4262403383395""",DotMod dotAIO V2 Pod Tank Verdampfer - Ohne Coil,"=""purple""",Pods,,25%,15%,
CAT00038,"=""9502004""",,"=""4262403384835""",3x Nevoks APX Pod Tank Verdampfer - 0.8 Ohm,"=""0.8""",Pods,,25%,15%,
CAT00039,"=""9502005""",,"=""4262403384842""",3x Nevoks APX Pod Tank Verdampfer - 1.2 Ohm,"=""1.2""",Pods,,25%,15%,
CAT00040,"=""8202007""",,"=""4262403384958""",Atmizoo Tripod 2 RTA Selbstwickler Tank - Basic Edition,"=""silver-matt""",Pods,,25%,15%,
CAT00041,"=""8205008""",,"=""4262403384972""",Atmizoo Tripod 2 RTA Airflow Tubes Kit,,Pods,,25%,15%,
CAT00042,"=""2502072""",,"=""4262403383586""",2x VooPoo ITO Pod Tank Verdampfer,"=""0.7""",Pods,,25%,15%,
CAT00043,"=""2502073""",,"=""4262403383593""",2x VooPoo ITO Pod Tank Verdampfer,"=""1.0""",Pods,,25%,15%,
CAT00044,"=""2502074""",,"=""4262403383609""",2x VooPoo ITO Pod Tank Verdampfer,"=""1.2""",Pods,,25%,15%,
CAT00045,"=""9502006""",,"=""4262403387195""",2x Nevoks Feelin C1 Pod Tank Verdampfer - Ohne Coil,,Pods,,25%,15%,
CAT00046,"=""LMB4001002""",,"=""4262403384514""",Lost Mary BM600 CP Einweg E-Zigarette - Blue Razz Ice (VE = 400Stk),"=""20mg""",Einweg,,25%,15%,
CAT00047,"=""LMB4001003""",,"=""4262403384521""",Lost Mary BM600 CP Einweg E-Zigarette - Blueberry (VE = 400Stk),"=""20mg""",Einweg,,25%,15%,
CAT00048,"=""LMB4001008""",,"=""4262403384576""",Lost Mary BM600 CP Einweg E-Zigarette - Crazy Apple (VE = 400Stk),"=""20mg""",Einweg,,25%,15%,
CAT00049,"=""LMB4001023""",,"=""4262403384729""",Lost Mary BM600 CP Einweg E-Zigarette - Watermelon Ice (VE = 400Stk),"=""20mg""",Einweg,,25%,15%,
CAT00050,"=""802094""",,"=""4260769632393""",4x Vaporesso XROS Mesh Pod Tank Verdampfer - 1.0 Ohm,"=""1.0""",Pods,,25%,15%,
CAT00051,"=""LM101002""",,"=""4262403384033""",Lost Mary BM600 CP Einweg E-Zigarette - Blue Razz Ice,"=""20mg""",Einweg,,25%,15%,
CAT00052,"=""LM101003""",,"=""4262403384040""",Lost Mary BM600 CP Einweg E-Zigarette - Blueberry,"=""20mg""",Einweg,,25%,15%,
CAT00053,"=""LM101004""",,"=""4262403384057""",Lost Mary BM600 CP Einweg E-Zigarette - Blueberry Sour Raspberry,"=""20mg""",Einweg,,25%,15%,
CAT00054,"=""LM101007""",,"=""4262403384088""",Lost Mary BM600 CP Einweg E-Zigarette - Cotton Candy Ice,"=""20mg""",Einweg,,25%,15%,
CAT00055,"=""LM101008""",,"=""4262403384095""",Lost Mary BM600 CP Einweg E-Zigarette - Crazy Apple,"=""20mg""",Einweg,,25%,15%,
CAT00056,"=""LM101011""",,"=""4262403384125""",Lost Mary BM600 CP Einweg E-Zigarette - Kiwi Passion Fruit Guava,"=""20mg""",Einweg,,25%,15%,
CAT00057,"=""LM101017""",,"=""4262403384187""",Lost Mary BM600 CP Einweg E-Zigarette - Pink Lemonade,"=""20mg""",Einweg,,25%,15%,
CAT00058,"=""LM101019""",,"=""4262403384200""",Lost Mary BM600 CP Einweg E-Zigarette - Strawberry Ice,"=""20mg""",Einweg,,25%,15%,
CAT00059,"=""LM101021""",,"=""4262403384224""",Lost Mary BM600 CP Einweg E-Zigarette - Triple Mango,"=""20mg""",Einweg,,25%,15%,
CAT00060,"=""LM101022""",,"=""4262403384231""",Lost Mary BM600 CP Einweg E-Zigarette - Triple Melon,"=""20mg""",Einweg,,25%,15%,
CAT00061,"=""LM101023""",,"=""4262403384248""",Lost Mary BM600 CP Einweg E-Zigarette - Watermelon Ice,"=""20mg""",Einweg,,25%,15%,
CAT00062,"=""LMB101002""",,"=""4262403384279""",Lost Mary BM600 CP Einweg E-Zigarette - Blue Razz Ice (VE = 10Stk),"=""20mg""",Einweg,,25%,15%,
CAT00063,"=""LMB101003""",,"=""4262403384286""",Lost Mary BM600 CP Einweg E-Zigarette - Blueberry (VE = 10Stk),"=""20mg""",Einweg,,25%,15%,
CAT00064,"=""LMB101004""",,"=""4262403384293""",Lost Mary BM600 CP Einweg E-Zigarette - Blueberry Sour Raspberry (VE = 10Stk),"=""20mg""",Einweg,,25%,15%,
CAT00065,"=""LMB101007""",,"=""4262403384323""",Lost Mary BM600 CP Einweg E-Zigarette - Cotton Candy Ice (VE = 10Stk),"=""20mg""",Einweg,,25%,15%,
CAT00066,"=""LMB101008""",,"=""4262403384330""",Lost Mary BM600 CP Einweg E-Zigarette - Crazy Apple (VE = 10Stk),"=""20mg""",Einweg,,25%,15%,
CAT00067,"=""LMB101011""",,"=""4262403384361""",Lost Mary BM600 CP Einweg E-Zigarette - Kiwi Passion Fruit Guava (VE = 10Stk),"=""20mg""",Einweg,,25%,15%,
CAT00068,"=""LMB101017""",,"=""4262403384422""",Lost Mary BM600 CP Einweg E-Zigarette - Pink Lemonade (VE = 10Stk),"=""20mg""",Einweg,,25%,15%,
CAT00069,"=""LMB101019""",,"=""4262403384446""",Lost Mary BM600 CP Einweg E-Zigarette - Strawberry Ice (VE = 10Stk),"=""20mg""",Einweg,,25%,15%,
CAT00070,"=""LMB101021""",,"=""4262403384460""",Lost Mary BM600 CP Einweg E-Zigarette - Triple Mango (VE = 10Stk),"=""20mg""",Einweg,,25%,15%,
CAT00071,"=""LMB101022""",,"=""4262403384477""",Lost Mary BM600 CP Einweg E-Zigarette - Triple Melon (VE = 10Stk),"=""20mg""",Einweg,,25%,15%,
CAT00072,"=""LMB4001004""",,"=""4262403384538""",Lost Mary BM600 CP Einweg E-Zigarette - Blueberry Sour Raspberry (VE = 400Stk),"=""20mg""",Einweg,,25%,15%,
CAT00073,"=""LMB4001007""",,"=""4262403384569""",Lost Mary BM600 CP Einweg E-Zigarette - Cotton Candy Ice (VE = 400Stk),"=""20mg""",Einweg,,25%,15%,
CAT00074,"=""LMB4001011""",,"=""4262403384606""",Lost Mary BM600 CP Einweg E-Zigarette - Kiwi Passion Fruit Guava (VE = 400Stk),"=""20mg""",Einweg,,25%,15%,
CAT00075,"=""LMB4001017""",,"=""4262403384668""",Lost Mary BM600 CP Einweg E-Zigarette - Pink Lemonade (VE = 400Stk),"=""20mg""",Einweg,,25%,15%,
CAT00076,"=""LMB4001019""",,"=""4262403384682""",Lost Mary BM600 CP Einweg E-Zigarette - Strawberry Ice (VE = 400Stk),"=""20mg""",Einweg,,25%,15%,
CAT00077,"=""LMB4001021""",,"=""4262403384705""",Lost Mary BM600 CP Einweg E-Zigarette - Triple Mango (VE = 400Stk),"=""20mg""",Einweg,,25%,15%,
CAT00078,"=""LMB4001022""",,"=""4262403384712""",Lost Mary BM600 CP Einweg E-Zigarette - Triple Melon (VE = 400Stk),"=""20mg""",Einweg,,25%,15%,
CAT00079,"=""LMB101023""",,"=""4262403384484""",Lost Mary BM600 CP Einweg E-Zigarette - Watermelon Ice (VE = 10Stk),"=""20mg""",Einweg,,25%,15%,
CAT00080,"=""8102049""",,"=""4262403389281""",3x OXVA Xlim Top Fill Pod Tank Verdampfer,"=""0.6""",Pods,,25%,15%,
CAT00081,"=""8102050""",,"=""4262403389298""",3x OXVA Xlim Top Fill Pod Tank Verdampfer,"=""0.8""",Pods,,25%,15%,
CAT00082,"=""8102051""",,"=""4262403389304""",3x OXVA Xlim Top Fill Pod Tank Verdampfer,"=""1.2""",Pods,,25%,15%,
CAT00083,"=""8102052""",,"=""4262423776238""",3x OXVA Xlim Top Fill Pod Tank Verdampfer,"=""0.4""",Pods,,25%,15%,
CAT00084,"=""2401083""",,"=""4262423771943""",DotMod dotPod S Kit,"=""red""",Pods,,25%,15%,
CAT00085,"=""2401086""",,"=""4262423771967""",DotMod dotPod S Kit,"=""brown""",Pods,,25%,15%,
CAT00086,"=""1602131""",,"=""4262403388581""",2x Uwell Caliburn & Ironfist L Pod Tank Verdampfer - Ohne Coil,,Pods,,25%,15%,
CAT00087,"=""1201408""",,"=""4262423771349""",Geekvape Sonder Q Pod Kit,"=""gray""",Pods,,25%,15%,
CAT00088,"=""1201411""",,"=""4262423771370""",Geekvape Sonder Q Pod Kit,"=""white""",Pods,,25%,15%,
CAT00089,"=""1201409""",,"=""4262423771356""",Geekvape Sonder Q Pod Kit,"=""red""",Pods,,25%,15%,
CAT00090,"=""1201415""",,"=""4262423771417""",Geekvape Sonder Q Pod Kit,"=""sky-blue""",Pods,,25%,15%,
CAT00091,"=""1201410""",,"=""4262423771363""",Geekvape Sonder Q Pod Kit,"=""green""",Pods,,25%,15%,
CAT00092,"=""1201416""",,"=""4262423771424""",Geekvape Sonder Q Pod Kit,"=""red-blue""",Pods,,25%,15%,
CAT00093,"=""1201414""",,"=""4262423771400""",Geekvape Sonder Q Pod Kit,"=""rose-pink""",Pods,,25%,15%,
CAT00094,"=""1201412""",,"=""4262423771387""",Geekvape Sonder Q Pod Kit,"=""violet-purple""",Pods,,25%,15%,
CAT00095,"=""1201413""",,"=""4262423771394""",Geekvape Sonder Q Pod Kit,"=""green-purple""",Pods,,25%,15%,
CAT00096,"=""1201491""",,"=""4262445579145""",Geekvape Sonder Q Pod Kit,"=""starry-night""",Pods,,25%,15%,
CAT00097,"=""1201489""",,"=""4262445579169""",Geekvape Sonder Q Pod Kit,"=""mystic-nebula""",Pods,,25%,15%,
CAT00098,"=""1201490""",,"=""4262445579176""",Geekvape Sonder Q Pod Kit,"=""purple-mist""",Pods,,25%,15%,
CAT00099,"=""1201492""",,"=""4262445579152""",Geekvape Sonder Q Pod Kit,"=""blue-whisper""",Pods,,25%,15%,
CAT00100,"=""1201493""",,"=""4262445579183""",Geekvape Sonder Q Pod Kit,"=""stellar-white""",Pods,,25%,15%,
CAT00101,"=""LM101005""",,"=""4262403384064""",Lost Mary BM600 CP Einweg E-Zigarette - Cherry Ice,"=""20mg""",Einweg,,25%,15%,
CAT00102,"=""LM101009""",,"=""4262403384101""",Lost Mary BM600 CP Einweg E-Zigarette - Grape,"=""20mg""",Einweg,,25%,15%,
CAT00103,"=""LM101010""",,"=""4262403384118""",Lost Mary BM600 CP Einweg E-Zigarette - Peach Ice (ehem. Juicy Peach),"=""20mg""",Einweg,,25%,15%,
CAT00104,"=""LM101013""",,"=""4262403384149""",Lost Mary BM600 CP Einweg E-Zigarette - Marygy Ice,"=""20mg""",Einweg,,25%,15%,
CAT00105,"=""LM101015""",,"=""4262403384163""",Lost Mary BM600 CP Einweg E-Zigarette - Pineapple Ice,"=""20mg""",Einweg,,25%,15%,
CAT00106,"=""LM101018""",,"=""4262403384194""",Lost Mary BM600 CP Einweg E-Zigarette - Red Apple Ice,"=""20mg""",Einweg,,25%,15%,
CAT00107,"=""LMB101005""",,"=""4262403384309""",Lost Mary BM600 CP Einweg E-Zigarette - Cherry Ice (VE = 10Stk),"=""20mg""",Einweg,,25%,15%,
CAT00108,"=""LMB101009""",,"=""4262403384347""",Lost Mary BM600 CP Einweg E-Zigarette - Grape (VE = 10Stk),"=""20mg""",Einweg,,25%,15%,
CAT00109,"=""LMB101010""",,"=""4262403384354""",Lost Mary BM600 CP Einweg E-Zigarette - Peach Ice (ehem. Juicy Peach) (VE = 10Stk),"=""20mg""",Einweg,,25%,15%,
CAT00110,"=""LMB101013""",,"=""4262403384385""",Lost Mary BM600 CP Einweg E-Zigarette - Marygy Ice (VE = 10Stk),"=""20mg""",Einweg,,25%,15%,
CAT00111,"=""LMB101015""",,"=""4262403384408""",Lost Mary BM600 CP Einweg E-Zigarette - Pineapple Ice (VE = 10Stk),"=""20mg""",Einweg,,25%,15%,
CAT00112,"=""LMB101018""",,"=""4262403384439""",Lost Mary BM600 CP Einweg E-Zigarette - Red Apple Ice (VE = 10Stk),"=""20mg""",Einweg,,25%,15%,
CAT00113,"=""LMB4001005""",,"=""4262403384545""",Lost Mary BM600 CP Einweg E-Zigarette - Cherry Ice (VE = 400Stk),"=""20mg""",Einweg,,25%,15%,
CAT00114,"=""LMB4001009""",,"=""4262403384583""",Lost Mary BM600 CP Einweg E-Zigarette - Grape (VE = 400Stk),"=""20mg""",Einweg,,25%,15%,
CAT00115,"=""LMB4001010""",,"=""4262403384590""",Lost Mary BM600 CP Einweg E-Zigarette - Peach Ice (ehem. Juicy Peach) (VE = 400Stk),"=""20mg""",Einweg,,25%,15%,
CAT00116,"=""LMB4001013""",,"=""4262403384620""",Lost Mary BM600 CP Einweg E-Zigarette - Marygy Ice (VE = 400Stk),"=""20mg""",Einweg,,25%,15%,
CAT00117,"=""LMB4001015""",,"=""4262403384644""",Lost Mary BM600 CP Einweg E-Zigarette - Pineapple Ice (VE = 400Stk),"=""20mg""",Einweg,,25%,15%,
CAT00118,"=""LMB4001018""",,"=""4262403384675""",Lost Mary BM600 CP Einweg E-Zigarette - Red Apple Ice (VE = 400Stk),"=""20mg""",Einweg,,25%,15%,
CAT00119,"=""ELFL10001""",,"=""4895261109816""",ELFBAR ELFLIQ Apple Peach Nikotinsalz Liquid 10 ml,"=""20mg""",ELFBAR,,25%,15%,
CAT00120,"=""ELFL10002""",,"=""4895261110317""",ELFBAR ELFLIQ Apple Peach Nikotinsalz Liquid 10 ml,"=""10mg""",ELFBAR,,25%,15%,
CAT00121,"=""ELFL10005""",,"=""4895261109861""",ELFBAR ELFLIQ Blueberry Sour Raspberry Nikotinsalz Liquid 10 ml,"=""20mg""",ELFBAR,,25%,15%,
CAT00122,"=""ELFL10006""",,"=""4895261110362""",ELFBAR ELFLIQ Blueberry Sour Raspberry Nikotinsalz Liquid 10 ml,"=""10mg""",ELFBAR,,25%,15%,
CAT00123,"=""ELFL10007""",,"=""4895261109854""",ELFBAR ELFLIQ Blueberry Nikotinsalz Liquid 10 ml,"=""20mg""",ELFBAR,,25%,15%,
CAT00124,"=""ELFL10008""",,"=""4895261110355""",ELFBAR ELFLIQ Blueberry Nikotinsalz Liquid 10 ml,"=""10mg""",ELFBAR,,25%,15%,
CAT00125,"=""ELFL10009""",,"=""4895261109878""",ELFBAR ELFLIQ Cherry Nikotinsalz Liquid 10 ml,"=""20mg""",ELFBAR,,25%,15%,
CAT00126,"=""ELFL10010""",,"=""4895261110379""",ELFBAR ELFLIQ Cherry Nikotinsalz Liquid 10 ml,"=""10mg""",ELFBAR,,25%,15%,
CAT00127,"=""ELFL10013""",,"=""4895261109922""",ELFBAR ELFLIQ Grape Nikotinsalz Liquid 10 ml,"=""20mg""",ELFBAR,,25%,15%,
CAT00128,"=""ELFL10014""",,"=""4895261110423""",ELFBAR ELFLIQ Grape Nikotinsalz Liquid 10 ml,"=""10mg""",ELFBAR,,25%,15%,
CAT00129,"=""ELFL10015""",,"=""4895261109953""",ELFBAR ELFLIQ Peach Ice Nikotinsalz Liquid 10 ml,"=""20mg""",ELFBAR,,25%,15%,
CAT00130,"=""ELFL10016""",,"=""4895261110454""",ELFBAR ELFLIQ Peach Ice Nikotinsalz Liquid 10 ml,"=""10mg""",ELFBAR,,25%,15%,
CAT00131,"=""ELFL10017""",,"=""4895261109984""",ELFBAR ELFLIQ Pink Lemonade Nikotinsalz Liquid 10 ml,"=""20mg""",ELFBAR,,25%,15%,
CAT00132,"=""ELFL10018""",,"=""4895261110485""",ELFBAR ELFLIQ Pink Lemonade Nikotinsalz Liquid 10 ml,"=""10mg""",ELFBAR,,25%,15%,
CAT00133,"=""ELFL10025""",,"=""4895261110027""",ELFBAR ELFLIQ Strawberry Ice Nikotinsalz Liquid 10 ml,"=""20mg""",ELFBAR,,25%,15%,
CAT00134,"=""ELFL10026""",,"=""4895261110522""",ELFBAR ELFLIQ Strawberry Ice Nikotinsalz Liquid 10 ml,"=""10mg""",ELFBAR,,25%,15%,
CAT00135,"=""ELFL10027""",,"=""4895261110010""",ELFBAR ELFLIQ Strawberry Kiwi Nikotinsalz Liquid 10 ml,"=""20mg""",ELFBAR,,25%,15%,
CAT00136,"=""ELFL10028""",,"=""4895261110515""",ELFBAR ELFLIQ Strawberry Kiwi Nikotinsalz Liquid 10 ml,"=""10mg""",ELFBAR,,25%,15%,
CAT00137,"=""ELFL10029""",,"=""4895261110058""",ELFBAR ELFLIQ Watermelon Nikotinsalz Liquid 10 ml,"=""20mg""",ELFBAR,,25%,15%,
CAT00138,"=""ELFL10030""",,"=""4895261110553""",ELFBAR ELFLIQ Watermelon Nikotinsalz Liquid 10 ml,"=""10mg""",ELFBAR,,25%,15%,
CAT00139,"=""EFL101001""",,"=""4895261110065""",ELFBAR ELFLIQ Apple Peach Nikotinsalz Liquid 10 ml (VE = 10Stk),"=""20mg""",ELFBAR,,25%,15%,
CAT00140,"=""EFL101002""",,"=""4895261110560""",ELFBAR ELFLIQ Apple Peach Nikotinsalz Liquid 10 ml (VE = 10Stk),"=""10mg""",ELFBAR,,25%,15%,
CAT00141,"=""EFL101005""",,"=""4895261110119""",ELFBAR ELFLIQ Blueberry Sour Raspberry Nikotinsalz Liquid 10 ml (VE = 10Stk),"=""20mg""",ELFBAR,,25%,15%,
CAT00142,"=""EFL101006""",,"=""4895261110614""",ELFBAR ELFLIQ Blueberry Sour Raspberry Nikotinsalz Liquid 10 ml (VE = 10Stk),"=""10mg""",ELFBAR,,25%,15%,
CAT00143,"=""EFL101007""",,"=""4895261110102""",ELFBAR ELFLIQ Blueberry Nikotinsalz Liquid 10 ml (VE = 10Stk),"=""20mg""",ELFBAR,,25%,15%,
CAT00144,"=""EFL101008""",,"=""4895261110607""",ELFBAR ELFLIQ Blueberry Nikotinsalz Liquid 10 ml (VE = 10Stk),"=""10mg""",ELFBAR,,25%,15%,
CAT00145,"=""EFL101009""",,"=""4895261110126""",ELFBAR ELFLIQ Cherry Nikotinsalz Liquid 10 ml (VE = 10Stk),"=""20mg""",ELFBAR,,25%,15%,
CAT00146,"=""EFL101010""",,"=""4895261110621""",ELFBAR ELFLIQ Cherry Nikotinsalz Liquid 10 ml (VE = 10Stk),"=""10mg""",ELFBAR,,25%,15%,
CAT00147,"=""EFL101013""",,"=""4895261110171""",ELFBAR ELFLIQ Grape Nikotinsalz Liquid 10 ml (VE = 10Stk),"=""20mg""",ELFBAR,,25%,15%,
CAT00148,"=""EFL101014""",,"=""4895261110676""",ELFBAR ELFLIQ Grape Nikotinsalz Liquid 10 ml (VE = 10Stk),"=""10mg""",ELFBAR,,25%,15%,
CAT00149,"=""EFL101015""",,"=""4895261110201""",ELFBAR ELFLIQ Peach Ice Nikotinsalz Liquid 10 ml (VE = 10Stk),"=""20mg""",ELFBAR,,25%,15%,
CAT00150,"=""EFL101016""",,"=""4895261110706""",ELFBAR ELFLIQ Peach Ice Nikotinsalz Liquid 10 ml (VE = 10Stk),"=""10mg""",ELFBAR,,25%,15%,
CAT00151,"=""EFL101017""",,"=""4895261110232""",ELFBAR ELFLIQ Pink Lemonade Nikotinsalz Liquid 10 ml (VE = 10Stk),"=""20mg""",ELFBAR,,25%,15%,
CAT00152,"=""EFL101018""",,"=""4895261110737""",ELFBAR ELFLIQ Pink Lemonade Nikotinsalz Liquid 10 ml (VE = 10Stk),"=""10mg""",ELFBAR,,25%,15%,
CAT00153,"=""EFL101025""",,"=""4895261110270""",ELFBAR ELFLIQ Strawberry Ice Nikotinsalz Liquid 10 ml (VE = 10Stk),"=""20mg""",ELFBAR,,25%,15%,
CAT00154,"=""EFL101026""",,"=""4895261110775""",ELFBAR ELFLIQ Strawberry Ice Nikotinsalz Liquid 10 ml (VE = 10Stk),"=""10mg""",ELFBAR,,25%,15%,
CAT00155,"=""EFL101027""",,"=""4895261110263""",ELFBAR ELFLIQ Strawberry Kiwi Nikotinsalz Liquid 10 ml (VE = 10Stk),"=""20mg""",ELFBAR,,25%,15%,
CAT00156,"=""EFL101028""",,"=""4895261110768""",ELFBAR ELFLIQ Strawberry Kiwi Nikotinsalz Liquid 10 ml (VE = 10Stk),"=""10mg""",ELFBAR,,25%,15%,
CAT00157,"=""EFL101029""",,"=""4895261110300""",ELFBAR ELFLIQ Watermelon Nikotinsalz Liquid 10 ml (VE = 10Stk),"=""20mg""",ELFBAR,,25%,15%,
CAT00158,"=""EFL101030""",,"=""4895261110805""",ELFBAR ELFLIQ Watermelon Nikotinsalz Liquid 10 ml (VE = 10Stk),"=""10mg""",ELFBAR,,25%,15%,
CAT00159,"=""EFL2001001""",,"=""4262481468991""",ELFBAR ELFLIQ Apple Peach Nikotinsalz Liquid 10 ml (VE = 200Stk),"=""20mg""",ELFBAR,,25%,15%,
CAT00160,"=""EFL2001002""",,"=""4262481469288""",ELFBAR ELFLIQ Apple Peach Nikotinsalz Liquid 10 ml (VE = 200Stk),"=""10mg""",ELFBAR,,25%,15%,
CAT00161,"=""EFL2001005""",,"=""4262481469059""",ELFBAR ELFLIQ Blueberry Sour Raspberry Nikotinsalz Liquid 10 ml (VE = 200Stk),"=""20mg""",ELFBAR,,25%,15%,
CAT00162,"=""EFL2001006""",,"=""4262481469349""",ELFBAR ELFLIQ Blueberry Sour Raspberry Nikotinsalz Liquid 10 ml (VE = 200Stk),"=""10mg""",ELFBAR,,25%,15%,
CAT00163,"=""EFL2001007""",,"=""4262481469042""",ELFBAR ELFLIQ Blueberry Nikotinsalz Liquid 10 ml (VE = 200Stk),"=""20mg""",ELFBAR,,25%,15%,
CAT00164,"=""EFL2001008""",,"=""4262481469332""",ELFBAR ELFLIQ Blueberry Nikotinsalz Liquid 10 ml (VE = 200Stk),"=""10mg""",ELFBAR,,25%,15%,
CAT00165,"=""EFL2001009""",,"=""4262481469066""",ELFBAR ELFLIQ Cherry Nikotinsalz Liquid 10 ml (VE = 200Stk),"=""20mg""",ELFBAR,,25%,15%,
CAT00166,"=""EFL2001010""",,"=""4262481469356""",ELFBAR ELFLIQ Cherry Nikotinsalz Liquid 10 ml (VE = 200Stk),"=""10mg""",ELFBAR,,25%,15%,
CAT00167,"=""EFL2001013""",,"=""4262481469103""",ELFBAR ELFLIQ Grape Nikotinsalz Liquid 10 ml (VE = 200Stk),"=""20mg""",ELFBAR,,25%,15%,
CAT00168,"=""EFL2001014""",,"=""4262481469394""",ELFBAR ELFLIQ Grape Nikotinsalz Liquid 10 ml (VE = 200Stk),"=""10mg""",ELFBAR,,25%,15%,
CAT00169,"=""EFL2001015""",,"=""4262481469158""",ELFBAR ELFLIQ Peach Ice Nikotinsalz Liquid 10 ml (VE = 200Stk),"=""20mg""",ELFBAR,,25%,15%,
CAT00170,"=""EFL2001016""",,"=""4262481469448""",ELFBAR ELFLIQ Peach Ice Nikotinsalz Liquid 10 ml (VE = 200Stk),"=""10mg""",ELFBAR,,25%,15%,
CAT00171,"=""EFL2001017""",,"=""4262481469196""",ELFBAR ELFLIQ Pink Lemonade Nikotinsalz Liquid 10 ml (VE = 200Stk),"=""20mg""",ELFBAR,,25%,15%,
CAT00172,"=""EFL2001018""",,"=""4262481469486""",ELFBAR ELFLIQ Pink Lemonade Nikotinsalz Liquid 10 ml (VE = 200Stk),"=""10mg""",ELFBAR,,25%,15%,
CAT00173,"=""EFL2001025""",,"=""4262481469226""",ELFBAR ELFLIQ Strawberry Ice Nikotinsalz Liquid 10 ml (VE = 200Stk),"=""20mg""",ELFBAR,,25%,15%,
CAT00174,"=""EFL2001026""",,"=""4262481469516""",ELFBAR ELFLIQ Strawberry Ice Nikotinsalz Liquid 10 ml (VE = 200Stk),"=""10mg""",ELFBAR,,25%,15%,
CAT00175,"=""EFL2001027""",,"=""4262481469240""",ELFBAR ELFLIQ Strawberry Kiwi Nikotinsalz Liquid 10 ml (VE = 200Stk),"=""20mg""",ELFBAR,,25%,15%,
CAT00176,"=""EFL2001028""",,"=""4262481469530""",ELFBAR ELFLIQ Strawberry Kiwi Nikotinsalz Liquid 10 ml (VE = 200Stk),"=""10mg""",ELFBAR,,25%,15%,
CAT00177,"=""EFL2001029""",,"=""4262481469271""",ELFBAR ELFLIQ Watermelon Nikotinsalz Liquid 10 ml (VE = 200Stk),"=""20mg""",ELFBAR,,25%,15%,
CAT00178,"=""EFL2001030""",,"=""4262481469561""",ELFBAR ELFLIQ Watermelon Nikotinsalz Liquid 10 ml (VE = 200Stk),"=""10mg""",ELFBAR,,25%,15%,
CAT00179,"=""ELFL10031""",,"=""4895261109892""",ELFBAR ELFLIQ Cola Nikotinsalz Liquid 10 ml,"=""20mg""",ELFBAR,,25%,15%,
CAT00180,"=""ELFL10032""",,"=""4895261110393""",ELFBAR ELFLIQ Cola Nikotinsalz Liquid 10 ml,"=""10mg""",ELFBAR,,25%,15%,
CAT00181,"=""ELFL10033""",,"=""4895261109939""",ELFBAR ELFLIQ Kiwi Passion Fruit Guava Nikotinsalz Liquid 10 ml,"=""20mg""",ELFBAR,,25%,15%,
CAT00182,"=""ELFL10034""",,"=""4895261110430""",ELFBAR ELFLIQ Kiwi Passion Fruit Guava Nikotinsalz Liquid 10 ml,"=""10mg""",ELFBAR,,25%,15%,
CAT00183,"=""EFL101031""",,"=""4895261110140""",ELFBAR ELFLIQ Cola Nikotinsalz Liquid 10 ml (VE = 10Stk),"=""20mg""",ELFBAR,,25%,15%,
CAT00184,"=""EFL101032""",,"=""4895261110645""",ELFBAR ELFLIQ Cola Nikotinsalz Liquid 10 ml (VE = 10Stk),"=""10mg""",ELFBAR,,25%,15%,
CAT00185,"=""EFL101033""",,"=""4895261110188""",ELFBAR ELFLIQ Kiwi Passion Fruit Guava Nikotinsalz Liquid 10 ml (VE = 10Stk),"=""20mg""",ELFBAR,,25%,15%,
CAT00186,"=""EFL101034""",,"=""4895261110683""",ELFBAR ELFLIQ Kiwi Passion Fruit Guava Nikotinsalz Liquid 10 ml (VE = 10Stk),"=""10mg""",ELFBAR,,25%,15%,
CAT00187,"=""EFL2001031""",,"=""4262481469080""",ELFBAR ELFLIQ Cola Nikotinsalz Liquid 10 ml (VE = 200Stk),"=""20mg""",ELFBAR,,25%,15%,
CAT00188,"=""EFL2001032""",,"=""4262481469370""",ELFBAR ELFLIQ Cola Nikotinsalz Liquid 10 ml (VE = 200Stk),"=""10mg""",ELFBAR,,25%,15%,
CAT00189,"=""EFL2001033""",,"=""4262481469110""",ELFBAR ELFLIQ Kiwi Passion Fruit Guava Nikotinsalz Liquid 10 ml (VE = 200Stk),"=""20mg""",ELFBAR,,25%,15%,
CAT00190,"=""EFL2001034""",,"=""4262481469400""",ELFBAR ELFLIQ Kiwi Passion Fruit Guava Nikotinsalz Liquid 10 ml (VE = 200Stk),"=""10mg""",ELFBAR,,25%,15%,
CAT00191,"=""1602132""",,"=""4262423772162""",4x Uwell Caliburn A3S Pod Tank Verdampfer 0.8 Ohm,"=""0.8""",Pods,,25%,15%,
CAT00192,"=""1602133""",,"=""4262423772179""",4x Uwell Caliburn A3S Pod Tank Verdampfer 1.0 Ohm,"=""1.0""",Pods,,25%,15%,
CAT00193,"=""802101""",,"=""4262423774548""",4x Vaporesso Luxe Q Meshed Pod Tank Verdampfer 1.0 Ohm,"=""1.0""",Pods,,25%,15%,
CAT00194,"=""802102""",,"=""4262423774876""",4x Vaporesso Luxe Q Meshed Pod Tank Verdampfer 1.2 Ohm,"=""1.2""",Pods,,25%,15%,
CAT00195,"=""ELFL10003""",,"=""4895261109847""",ELFBAR ELFLIQ Blue Razz Lemonade Nikotinsalz Liquid 10 ml,"=""20mg""",ELFBAR,,25%,15%,
CAT00196,"=""ELFL10004""",,"=""4895261110348""",ELFBAR ELFLIQ Blue Razz Lemonade Nikotinsalz Liquid 10 ml,"=""10mg""",ELFBAR,,25%,15%,
CAT00197,"=""ELFL10011""",,"=""4895261109885""",ELFBAR ELFLIQ Cherry Cola Nikotinsalz Liquid 10 ml,"=""20mg""",ELFBAR,,25%,15%,
CAT00198,"=""ELFL10012""",,"=""4895261110386""",ELFBAR ELFLIQ Cherry Cola Nikotinsalz Liquid 10 ml,"=""10mg""",ELFBAR,,25%,15%,
CAT00199,"=""ELFL10021""",,"=""4895261110003""",ELFBAR ELFLIQ Spearmint Nikotinsalz Liquid 10 ml,"=""20mg""",ELFBAR,,25%,15%,
CAT00200,"=""ELFL10022""",,"=""4895261110508""",ELFBAR ELFLIQ Spearmint Nikotinsalz Liquid 10 ml,"=""10mg""",ELFBAR,,25%,15%,
CAT00201,"=""EFL101003""",,"=""4895261110096""",ELFBAR ELFLIQ Blue Razz Lemonade Nikotinsalz Liquid 10 ml (VE = 10Stk),"=""20mg""",ELFBAR,,25%,15%,
CAT00202,"=""EFL101004""",,"=""4895261110591""",ELFBAR ELFLIQ Blue Razz Lemonade Nikotinsalz Liquid 10 ml (VE = 10Stk),"=""10mg""",ELFBAR,,25%,15%,
CAT00203,"=""EFL101011""",,"=""4895261110133""",ELFBAR ELFLIQ Cherry Cola Nikotinsalz Liquid 10 ml (VE = 10Stk),"=""20mg""",ELFBAR,,25%,15%,
CAT00204,"=""EFL101021""",,"=""4895261110256""",ELFBAR ELFLIQ Spearmint Nikotinsalz Liquid 10 ml (VE = 10Stk),"=""20mg""",ELFBAR,,25%,15%,
CAT00205,"=""EFL101022""",,"=""4895261110751""",ELFBAR ELFLIQ Spearmint Nikotinsalz Liquid 10 ml (VE = 10Stk),"=""10mg""",ELFBAR,,25%,15%,
CAT00206,"=""EFL2001003""",,"=""4262481469035""",ELFBAR ELFLIQ Blue Razz Lemonade Nikotinsalz Liquid 10 ml (VE = 200Stk),"=""20mg""",ELFBAR,,25%,15%,
CAT00207,"=""EFL2001004""",,"=""4262481469325""",ELFBAR ELFLIQ Blue Razz Lemonade Nikotinsalz Liquid 10 ml (VE = 200Stk),"=""10mg""",ELFBAR,,25%,15%,
CAT00208,"=""EFL2001011""",,"=""4262481469073""",ELFBAR ELFLIQ Cherry Cola Nikotinsalz Liquid 10 ml (VE = 200Stk),"=""20mg""",ELFBAR,,25%,15%,
CAT00209,"=""EFL2001012""",,"=""4262481469363""",ELFBAR ELFLIQ Cherry Cola Nikotinsalz Liquid 10 ml (VE = 200Stk),"=""10mg""",ELFBAR,,25%,15%,
CAT00210,"=""EFL2001021""",,"=""4262481469219""",ELFBAR ELFLIQ Spearmint Nikotinsalz Liquid 10 ml (VE = 200Stk),"=""20mg""",ELFBAR,,25%,15%,
CAT00211,"=""EFL2001022""",,"=""4262481469509""",ELFBAR ELFLIQ Spearmint Nikotinsalz Liquid 10 ml (VE = 200Stk),"=""10mg""",ELFBAR,,25%,15%,
CAT00212,"=""ELFL10035""",,"=""4895261109946""",ELFBAR ELFLIQ Mango Nikotinsalz Liquid 10 ml,"=""20mg""",ELFBAR,,25%,15%,
CAT00213,"=""ELFL10036""",,"=""4895261110447""",ELFBAR ELFLIQ Mango Nikotinsalz Liquid 10 ml,"=""10mg""",ELFBAR,,25%,15%,
CAT00214,"=""EFL101035""",,"=""4895261110195""",ELFBAR ELFLIQ Mango Nikotinsalz Liquid 10 ml (VE = 10Stk),"=""20mg""",ELFBAR,,25%,15%,
CAT00215,"=""EFL101036""",,"=""4895261110690""",ELFBAR ELFLIQ Mango Nikotinsalz Liquid 10 ml (VE = 10Stk),"=""10mg""",ELFBAR,,25%,15%,
CAT00216,"=""EFL2001035""",,"=""4262481469127""",ELFBAR ELFLIQ Mango Nikotinsalz Liquid 10 ml (VE = 200Stk),"=""20mg""",ELFBAR,,25%,15%,
CAT00217,"=""EFL2001036""",,"=""4262481469417""",ELFBAR ELFLIQ Mango Nikotinsalz Liquid 10 ml (VE = 200Stk),"=""10mg""",ELFBAR,,25%,15%,
CAT00218,"=""QM101001""",,"=""4262403389830""",Lost Mary QM600 Einweg E-Zigarette - Blue Razz Cherry (VE = 10Stk),"=""20mg""",Einweg,,25%,15%,
CAT00219,"=""QM101002""",,"=""4262403389823""",Lost Mary QM600 Einweg E-Zigarette - Blueberry Ice (VE = 10Stk),"=""20mg""",Einweg,,25%,15%,
CAT00220,"=""QM101003""",,"=""4262403389816""",Lost Mary QM600 Einweg E-Zigarette - Blueberry Raspberry (VE = 10Stk),"=""20mg""",Einweg,,25%,15%,
CAT00221,"=""QM101004""",,"=""4262403389809""",Lost Mary QM600 Einweg E-Zigarette - Blueberry Raspberry Pomegranate (VE = 10Stk),"=""20mg""",Einweg,,25%,15%,
CAT00222,"=""QM101005""",,"=""4262403389793""",Lost Mary QM600 Einweg E-Zigarette - Blueberry Sour Raspberry (VE = 10Stk),"=""20mg""",Einweg,,25%,15%,
CAT00223,"=""QM101006""",,"=""4262403389786""",Lost Mary QM600 Einweg E-Zigarette - Cherry Ice (VE = 10Stk),"=""20mg""",Einweg,,25%,15%,
CAT00224,"=""QM101007""",,"=""4262403389779""",Lost Mary QM600 Einweg E-Zigarette - Cherry Peach Lemonade (VE = 10Stk),"=""20mg""",Einweg,,25%,15%,
CAT00225,"=""QM101008""",,"=""4262403389762""",Lost Mary QM600 Einweg E-Zigarette - Cola (VE = 10Stk),"=""20mg""",Einweg,,25%,15%,
CAT00226,"=""QM101009""",,"=""4262403389755""",Lost Mary QM600 Einweg E-Zigarette - Grape (VE = 10Stk),"=""20mg""",Einweg,,25%,15%,
CAT00227,"=""QM101010""",,"=""4262403389748""",Lost Mary QM600 Einweg E-Zigarette - Kiwi Passionfruit Guava (VE = 10Stk),"=""20mg""",Einweg,,25%,15%,
CAT00228,"=""QM101011""",,"=""4262403389731""",Lost Mary QM600 Einweg E-Zigarette - Mad Blue (VE = 10Stk),"=""20mg""",Einweg,,25%,15%,
CAT00229,"=""QM101012""",,"=""4262403389724""",Lost Mary QM600 Einweg E-Zigarette - Marygy Ice (VE = 10Stk),"=""20mg""",Einweg,,25%,15%,
CAT00230,"=""QM101013""",,"=""4262403389717""",Lost Mary QM600 Einweg E-Zigarette - Peach Strawberry Watermelon Ice (VE = 10Stk),"=""20mg""",Einweg,,25%,15%,
CAT00231,"=""QM101014""",,"=""4262403389700""",Lost Mary QM600 Einweg E-Zigarette - Pink Lemonade (VE = 10Stk),"=""20mg""",Einweg,,25%,15%,
CAT00232,"=""QM101015""",,"=""4262403389694""",Lost Mary QM600 Einweg E-Zigarette - Red Apple Ice (VE = 10Stk),"=""20mg""",Einweg,,25%,15%,
CAT00233,"=""QM101016""",,"=""4262403389687""",Lost Mary QM600 Einweg E-Zigarette - Strawberry Kiwi (VE = 10Stk),"=""20mg""",Einweg,,25%,15%,
CAT00234,"=""QM101017""",,"=""4262403389670""",Lost Mary QM600 Einweg E-Zigarette - Triple Mango (VE = 10Stk),"=""20mg""",Einweg,,25%,15%,
CAT00235,"=""QM101018""",,"=""4262403389847""",Lost Mary QM600 Einweg E-Zigarette - Watermelon Ice (VE = 10Stk),"=""20mg""",Einweg,,25%,15%,
CAT00236,"=""QM4001001""",,"=""4262423770014""",Lost Mary QM600 Einweg E-Zigarette - Blue Razz Cherry (VE = 400Stk),"=""20mg""",Einweg,,25%,15%,
CAT00237,"=""QM4001002""",,"=""4262423770007""",Lost Mary QM600 Einweg E-Zigarette - Blueberry Ice (VE = 400Stk),"=""20mg""",Einweg,,25%,15%,
CAT00238,"=""QM4001003""",,"=""4262403389991""",Lost Mary QM600 Einweg E-Zigarette - Blueberry Raspberry (VE = 400Stk),"=""20mg""",Einweg,,25%,15%,
CAT00239,"=""QM4001004""",,"=""4262403389984""",Lost Mary QM600 Einweg E-Zigarette - Blueberry Raspberry Pomegranate (VE = 400Stk),"=""20mg""",Einweg,,25%,15%,
CAT00240,"=""QM4001005""",,"=""4262403389977""",Lost Mary QM600 Einweg E-Zigarette - Blueberry Sour Raspberry (VE = 400Stk),"=""20mg""",Einweg,,25%,15%,
CAT00241,"=""QM4001006""",,"=""4262403389960""",Lost Mary QM600 Einweg E-Zigarette - Cherry Ice (VE = 400Stk),"=""20mg""",Einweg,,25%,15%,
CAT00242,"=""QM4001007""",,"=""4262403389953""",Lost Mary QM600 Einweg E-Zigarette - Cherry Peach Lemonade (VE = 400Stk),"=""20mg""",Einweg,,25%,15%,
CAT00243,"=""QM4001008""",,"=""4262403389946""",Lost Mary QM600 Einweg E-Zigarette - Cola (VE = 400Stk),"=""20mg""",Einweg,,25%,15%,
CAT00244,"=""QM4001009""",,"=""4262403389939""",Lost Mary QM600 Einweg E-Zigarette - Grape (VE = 400Stk),"=""20mg""",Einweg,,25%,15%,
CAT00245,"=""QM4001010""",,"=""4262403389922""",Lost Mary QM600 Einweg E-Zigarette - Kiwi Passionfruit Guava (VE = 400Stk),"=""20mg""",Einweg,,25%,15%,
CAT00246,"=""QM4001011""",,"=""4262403389915""",Lost Mary QM600 Einweg E-Zigarette - Mad Blue (VE = 400Stk),"=""20mg""",Einweg,,25%,15%,
CAT00247,"=""QM4001012""",,"=""4262403389908""",Lost Mary QM600 Einweg E-Zigarette - Marygy Ice (VE = 400Stk),"=""20mg""",Einweg,,25%,15%,
CAT00248,"=""QM4001013""",,"=""4262403389892""",Lost Mary QM600 Einweg E-Zigarette - Peach Strawberry Watermelon Ice (VE = 400Stk),"=""20mg""",Einweg,,25%,15%,
CAT00249,"=""QM4001014""",,"=""4262403389885""",Lost Mary QM600 Einweg E-Zigarette - Pink Lemonade (VE = 400Stk),"=""20mg""",Einweg,,25%,15%,
CAT00250,"=""QM4001015""",,"=""4262403389878""",Lost Mary QM600 Einweg E-Zigarette - Red Apple Ice (VE = 400Stk),"=""20mg""",Einweg,,25%,15%,
CAT00251,"=""QM4001016""",,"=""4262403389861""",Lost Mary QM600 Einweg E-Zigarette - Strawberry Kiwi (VE = 400Stk),"=""20mg""",Einweg,,25%,15%,
CAT00252,"=""QM4001017""",,"=""4262403389854""",Lost Mary QM600 Einweg E-Zigarette - Triple Mango (VE = 400Stk),"=""20mg""",Einweg,,25%,15%,
CAT00253,"=""QM4001018""",,"=""4262423770021""",Lost Mary QM600 Einweg E-Zigarette - Watermelon Ice (VE = 400Stk),"=""20mg""",Einweg,,25%,15%,
CAT00254,"=""804048""",,"=""4262403382435""",2x Vaporesso Luxe X M Pod Tank Verdampfer 0.4 Ohm,"=""0.4""",Pods,,25%,15%,
CAT00255,"=""2401088""",,"=""4262423778652""",DotMod dotPod Nano Kit - Purple Limited Edition,"=""purple""",Pods,,25%,15%,
CAT00256,"=""1602136""",,"=""4262423777365""",4x Uwell Caliburn G3 GPP V1 Pod Tank Verdampfer 0.6 Ohm,"=""0.6""",Pods,,25%,15%,
CAT00257,"=""1602137""",,"=""4262423777372""",4x Uwell Caliburn G3 GPP V1 Pod Tank Verdampfer 0.9 Ohm,"=""0.9""",Pods,,25%,15%,
CAT00258,"=""1602135""",,"=""4262423776306""",4x Uwell Caliburn A3 Pod Tank Verdampfer 0.8 Ohm,"=""0.8""",Pods,,25%,15%,
CAT00259,"=""8102053""",,"=""4262423778737""",3x OXVA ONEO Pod Tank Verdampfer 0.4 Ohm,"=""0.4""",Pods,,25%,15%,
CAT00260,"=""8102054""",,"=""4262423778744""",3x OXVA ONEO Pod Tank Verdampfer 0.6 Ohm,"=""0.6""",Pods,,25%,15%,
CAT00261,"=""8102055""",,"=""4262423778751""",3x OXVA ONEO Pod Tank Verdampfer 0.8 Ohm,"=""0.8""",Pods,,25%,15%,
CAT00262,"=""2401090""",,"=""4262423776863""",DotMod Switch R Pod Kit,"=""ocean-blue""",Pods,,25%,15%,
CAT00263,"=""2401092""",,"=""4262423779994""",DotMod Switch R Pod Kit,"=""forest-green""",Pods,,25%,15%,
CAT00264,"=""2401091""",,"=""4262423779963""",DotMod Switch R Pod Kit,"=""silver-obsidian""",Pods,,25%,15%,
CAT00265,"=""2401093""",,"=""4262423779970""",DotMod Switch R Pod Kit,"=""red-obsidian""",Pods,,25%,15%,
CAT00266,"=""2401094""",,"=""4262423776870""",DotMod Switch R Pod Kit,"=""desert-sunset""",Pods,,25%,15%,
CAT00267,"=""1601339""",,"=""4262423776313""",Uwell Whirl F Pod Kit,"=""black""",Pods,,25%,15%,
CAT00268,"=""1601340""",,"=""4262423776320""",Uwell Whirl F Pod Kit,"=""blue""",Pods,,25%,15%,
CAT00269,"=""1601341""",,"=""4262423776337""",Uwell Whirl F Pod Kit,"=""green""",Pods,,25%,15%,
CAT00270,"=""2502083""",,"=""4262445570449""",2x Voopoo PnP X Pod Tank - DTL - Ohne Coil,"=""silver""",Pods,,25%,15%,
CAT00271,"=""2502084""",,"=""4262445570432""",2x Voopoo PnP X Pod Tank - DTL - Ohne Coil,"=""black""",Pods,,25%,15%,
CAT00272,"=""2502086""",,"=""4262445570470""",2x Voopoo PnP X Pod Tank - MTL - Ohne Coil,"=""silver""",Pods,,25%,15%,
CAT00273,"=""2502087""",,"=""4262445570463""",2x Voopoo PnP X Pod Tank - MTL - Ohne Coil,"=""black""",Pods,,25%,15%,
CAT00274,"=""804052""",,"=""4262445570753""",2x Vaporesso Luxe X M Pod Tank Verdampfer 0.6 Ohm,"=""0.6""",Pods,,25%,15%,
CAT00275,"=""202112""",,"=""4262445571187""",3x Joyetech eRoll Slim Pod Tank Verdampfer - Ohne Drip Tip,"=""1.0""",Pods,,25%,15%,
CAT00276,"=""202117""",,"=""4262481462838""",3x Joyetech eRoll Slim Pod Tank Verdampfer - Ohne Drip Tip,"=""0.8""",Pods,,25%,15%,
CAT00277,"=""10221007""",,"=""6932570165961""",Elfbar ELFA Basisgerät,"=""black""",ELFBAR,,25%,15%,
CAT00278,"=""10221009""",,"=""6932570165992""",Elfbar ELFA Basisgerät,"=""navy-blue""",ELFBAR,,25%,15%,
CAT00279,"=""10221011""",,"=""6932570166005""",Elfbar ELFA Basisgerät,"=""aurora-blue""",ELFBAR,,25%,15%,
CAT00280,"=""10221008""",,"=""6932570165978""",Elfbar ELFA Basisgerät,"=""white""",ELFBAR,,25%,15%,
CAT00281,"=""10221012""",,"=""6932570165985""",Elfbar ELFA Basisgerät,"=""aurora-purple""",ELFBAR,,25%,15%,
CAT00282,"=""10221015""",,"=""6932570166012""",Elfbar ELFA Basisgerät,"=""twilight-blue""",ELFBAR,,25%,15%,
CAT00283,"=""10221013""",,"=""6932570166029""",Elfbar ELFA Basisgerät,"=""aurora-green""",ELFBAR,,25%,15%,
CAT00284,"=""10221014""",,"=""6932570166036""",Elfbar ELFA Basisgerät,"=""aurora-pink""",ELFBAR,,25%,15%,
CAT00285,"=""10221016""",,"=""6932570166043""",Elfbar ELFA Basisgerät,"=""twilight-brown""",ELFBAR,,25%,15%,
CAT00286,"=""ELFA101007""",,"=""6932570166067""",Elfbar ELFA Basisgerät (VE = 10Stk),"=""black""",ELFBAR,,25%,15%,
CAT00287,"=""ELFA101008""",,"=""6932570166074""",Elfbar ELFA Basisgerät (VE = 10Stk),"=""white""",ELFBAR,,25%,15%,
CAT00288,"=""ELFA101009""",,"=""6932570166098""",Elfbar ELFA Basisgerät (VE = 10Stk),"=""navy-blue""",ELFBAR,,25%,15%,
CAT00289,"=""ELFA101011""",,"=""6932570166104""",Elfbar ELFA Basisgerät (VE = 10Stk),"=""aurora-blue""",ELFBAR,,25%,15%,
CAT00290,"=""ELFA101012""",,"=""6932570166081""",Elfbar ELFA Basisgerät (VE = 10Stk),"=""aurora-purple""",ELFBAR,,25%,15%,
CAT00291,"=""ELFA101013""",,"=""6932570166128""",Elfbar ELFA Basisgerät (VE = 10Stk),"=""aurora-green""",ELFBAR,,25%,15%,
CAT00292,"=""ELFA101014""",,"=""6932570166135""",Elfbar ELFA Basisgerät (VE = 10Stk),"=""aurora-pink""",ELFBAR,,25%,15%,
CAT00293,"=""ELFA101015""",,"=""6932570166111""",Elfbar ELFA Basisgerät (VE = 10Stk),"=""twilight-blue""",ELFBAR,,25%,15%,
CAT00294,"=""ELFA101016""",,"=""6932570166142""",Elfbar ELFA Basisgerät (VE = 10Stk),"=""twilight-brown""",ELFBAR,,25%,15%,
CAT00295,"=""FA2001007""",,"=""4262481460193""",Elfbar ELFA Basisgerät (VE = 200Stk),"=""black""",ELFBAR,,25%,15%,
CAT00296,"=""FA2001008""",,"=""4262481460230""",Elfbar ELFA Basisgerät (VE = 200Stk),"=""white""",ELFBAR,,25%,15%,
CAT00297,"=""FA2001009""",,"=""4262481460209""",Elfbar ELFA Basisgerät (VE = 200Stk),"=""navy-blue""",ELFBAR,,25%,15%,
CAT00298,"=""FA2001011""",,"=""4262481463910""",Elfbar ELFA Basisgerät (VE = 200Stk),"=""aurora-blue""",ELFBAR,,25%,15%,
CAT00299,"=""FA2001012""",,"=""4262481463941""",Elfbar ELFA Basisgerät (VE = 200Stk),"=""aurora-purple""",ELFBAR,,25%,15%,
CAT00300,"=""FA2001013""",,"=""4262481463927""",Elfbar ELFA Basisgerät (VE = 200Stk),"=""aurora-green""",ELFBAR,,25%,15%,
CAT00301,"=""FA2001014""",,"=""4262481463934""",Elfbar ELFA Basisgerät (VE = 200Stk),"=""aurora-pink""",ELFBAR,,25%,15%,
CAT00302,"=""FA2001015""",,"=""4262481460216""",Elfbar ELFA Basisgerät (VE = 200Stk),"=""twilight-blue""",ELFBAR,,25%,15%,
CAT00303,"=""FA2001016""",,"=""4262481460223""",Elfbar ELFA Basisgerät (VE = 200Stk),"=""twilight-brown""",ELFBAR,,25%,15%,
CAT00304,"=""2402069""",,"=""4262423776887""",2x DotMod Switch R Pod Tank Verdampfer 0.8 Ohm,"=""0.8""",Pods,,25%,15%,
CAT00305,"=""9501072""",,"=""4262445573051""",Nevoks Feelin 2 Pod Kit,"=""crimson-red""",Pods,,25%,15%,
CAT00306,"=""9501073""",,"=""4262445573068""",Nevoks Feelin 2 Pod Kit,"=""ice-green""",Pods,,25%,15%,
CAT00307,"=""9501075""",,"=""4262445573082""",Nevoks Feelin 2 Pod Kit,"=""punch-pink""",Pods,,25%,15%,
CAT00308,"=""9502011""",,"=""4262445573099""",2x Nevoks Feelin 2 Pod Tank Verdampfer - Ohne Coil,,Pods,,25%,15%,
CAT00309,"=""2402068""",,"=""4262445573532""",2x DotMod Switch R Pod Tank Verdampfer 0.6 Ohm,"=""0.6""",Pods,,25%,15%,
CAT00310,"=""2402076""",,"=""4262445573549""",2x DotMod Switch R Pod Tank Verdampfer 1.0 Ohm,"=""1.0""",Pods,,25%,15%,
CAT00311,"=""10222039""",,"=""6932570164186""",2x Elfbar ELFA Pod - Strawberry Raspberry,"=""20mg""",Pods,,25%,15%,
CAT00312,"=""10222041""",,"=""6932570164179""",2x Elfbar ELFA Pod - Strawberry Grape,"=""20mg""",Pods,,25%,15%,
CAT00313,"=""10222049""",,"=""6932570164117""",2x Elfbar ELFA Pod - Blueberry Snoow (ehem. Berry Snoow),"=""20mg""",Pods,,25%,15%,
CAT00314,"=""10222059""",,"=""6932570164131""",2x Elfbar ELFA Pod - Mango,"=""20mg""",Pods,,25%,15%,
CAT00315,"=""10222067""",,"=""6932570163936""",2x Elfbar ELFA Pod - Cola,"=""20mg""",Pods,,25%,15%,
CAT00316,"=""EFA101039""",,"=""6932570164490""",2x Elfbar ELFA Pod - Strawberry Raspberry (VE = 10Stk),"=""20mg""",Pods,,25%,15%,
CAT00317,"=""EFA101041""",,"=""6932570164483""",2x Elfbar ELFA Pod - Strawberry Grape (VE = 10Stk),"=""20mg""",Pods,,25%,15%,
CAT00318,"=""EFA101049""",,"=""6932570164421""",2x Elfbar ELFA Pod - Blueberry Snoow (ehem. Berry Snoow) (VE = 10Stk),"=""20mg""",Pods,,25%,15%,
CAT00319,"=""EFA101059""",,"=""6932570164445""",2x Elfbar ELFA Pod - Mango (VE = 10Stk),"=""20mg""",Pods,,25%,15%,
CAT00320,"=""EFA101067""",,"=""6932570164247""",2x Elfbar ELFA Pod - Cola (VE = 10Stk),"=""20mg""",Pods,,25%,15%,
CAT00321,"=""EFA4001039""",,"=""4262481469875""",2x Elfbar ELFA Pod - Strawberry Raspberry (VE = 400Stk),"=""20mg""",Pods,,25%,15%,
CAT00322,"=""EFA4001041""",,"=""4262481469837""",2x Elfbar ELFA Pod - Strawberry Grape (VE = 400Stk),"=""20mg""",Pods,,25%,15%,
CAT00323,"=""EFA4001049""",,"=""4262481469592""",2x Elfbar ELFA Pod - Blueberry Snoow (ehem. Berry Snoow) (VE = 400Stk),"=""20mg""",Pods,,25%,15%,
CAT00324,"=""EFA4001059""",,"=""4262481469745""",2x Elfbar ELFA Pod - Mango (VE = 400Stk),"=""20mg""",Pods,,25%,15%,
CAT00325,"=""EFA4001067""",,"=""4262481469684""",2x Elfbar ELFA Pod - Cola (VE = 400Stk),"=""20mg""",Pods,,25%,15%,
CAT00326,"=""10222075""",,"=""6932570164049""",2x Elfbar ELFA Pod - Blue Razz Lemonade,"=""20mg""",Pods,,25%,15%,
CAT00327,"=""10222077""",,"=""6932570164018""",2x Elfbar ELFA Pod - Blueberry Sour Raspberry,"=""20mg""",Pods,,25%,15%,
CAT00328,"=""10222081""",,"=""6932570163974""",2x Elfbar ELFA Pod - Pink Lemonade,"=""20mg""",Pods,,25%,15%,
CAT00329,"=""10222083""",,"=""6932570163950""",2x Elfbar ELFA Pod - Strawberry Kiwi,"=""20mg""",Pods,,25%,15%,
CAT00330,"=""EFA101075""",,"=""6932570164353""",2x Elfbar ELFA Pod - Blue Razz Lemonade (VE = 10Stk),"=""20mg""",Pods,,25%,15%,
CAT00331,"=""EFA101077""",,"=""6932570164322""",2x Elfbar ELFA Pod - Blueberry Sour Raspberry (VE = 10Stk),"=""20mg""",Pods,,25%,15%,
CAT00332,"=""EFA101081""",,"=""6932570164285""",2x Elfbar ELFA Pod - Pink Lemonade (VE = 10Stk),"=""20mg""",Pods,,25%,15%,
CAT00333,"=""EFA101083""",,"=""6932570164261""",2x Elfbar ELFA Pod - Strawberry Kiwi (VE = 10Stk),"=""20mg""",Pods,,25%,15%,
CAT00334,"=""EFA4001075""",,"=""4262481469622""",2x Elfbar ELFA Pod - Blue Razz Lemonade (VE = 400Stk),"=""20mg""",Pods,,25%,15%,
CAT00335,"=""EFA4001077""",,"=""4262481469660""",2x Elfbar ELFA Pod - Blueberry Sour Raspberry (VE = 400Stk),"=""20mg""",Pods,,25%,15%,
CAT00336,"=""EFA4001081""",,"=""4262481469813""",2x Elfbar ELFA Pod - Pink Lemonade (VE = 400Stk),"=""20mg""",Pods,,25%,15%,
CAT00337,"=""EFA4001083""",,"=""4262481469851""",2x Elfbar ELFA Pod - Strawberry Kiwi (VE = 400Stk),"=""20mg""",Pods,,25%,15%,
CAT00338,"=""1201454""",,"=""4262445572405""",Geekvape S30 Pod Kit,"=""gunmetal""",Pods,,25%,15%,
CAT00339,"=""1201456""",,"=""4262445572412""",Geekvape S30 Pod Kit,"=""white""",Pods,,25%,15%,
CAT00340,"=""1201455""",,"=""4262445572429""",Geekvape S30 Pod Kit,"=""champagne""",Pods,,25%,15%,
CAT00341,"=""1201457""",,"=""4262445572436""",Geekvape S30 Pod Kit,"=""violet""",Pods,,25%,15%,
CAT00342,"=""1201458""",,"=""4262445572443""",Geekvape S30 Pod Kit,"=""pink""",Pods,,25%,15%,
CAT00343,"=""1202274""",,"=""4262445572474""",2x GeekVape S30 Pod Tank Verdampfer,"=""0.6""",Pods,,25%,15%,
CAT00344,"=""902182""",,"=""4262445573686""",3x SMOK Novo Meshed Pod Tank Verdampfer 3ml - Clear,"=""0.6""",Pods,,25%,15%,
CAT00345,"=""902183""",,"=""4262445573693""",3x SMOK Novo Meshed Pod Tank Verdampfer 3ml - Clear,"=""0.8""",Pods,,25%,15%,
CAT00346,"=""10092003""",,"=""3858895307448""",2x KIWI 2 Pod Tank Verdampfer 0.8 Ohm,"=""schwarz""",Pods,,25%,15%,
CAT00347,"=""10092004""",,"=""3859894070920""",2x KIWI 2 Pod Tank Verdampfer 0.8 Ohm,"=""transparent""",Pods,,25%,15%,
CAT00348,"=""6701199""",,"=""4262445573372""",Lost Vape Thelema Nexus Pod Kit,"=""black-carbon""",Pods,,25%,15%,
CAT00349,"=""6701200""",,"=""4262445573402""",Lost Vape Thelema Nexus Pod Kit,"=""silver-blue""",Pods,,25%,15%,
CAT00350,"=""6701201""",,"=""4262445573419""",Lost Vape Thelema Nexus Pod Kit,"=""gunmetal-brown""",Pods,,25%,15%,
CAT00351,"=""6701202""",,"=""4262445573396""",Lost Vape Thelema Nexus Pod Kit,"=""silver-carbon""",Pods,,25%,15%,
CAT00352,"=""6701203""",,"=""4262445573426""",Lost Vape Thelema Nexus Pod Kit,"=""twill-violet""",Pods,,25%,15%,
CAT00353,"=""6701204""",,"=""4262445573389""",Lost Vape Thelema Nexus Pod Kit,"=""twill-black""",Pods,,25%,15%,
CAT00354,"=""802105""",,"=""4262445576762""",4x Vaporesso Luxe Q Meshed Pod Tank Verdampfer 3 ml,"=""0.8""",Pods,,25%,15%,
CAT00355,"=""802106""",,"=""4262445576755""",4x Vaporesso Luxe Q Meshed Pod Tank Verdampfer 3 ml,"=""0.6""",Pods,,25%,15%,
CAT00356,"=""802107""",,"=""4262445576779""",4x Vaporesso Luxe Q Meshed Pod Tank Verdampfer 3 ml,"=""1.0""",Pods,,25%,15%,
CAT00357,"=""802108""",,"=""4262445576748""",2x Vaporesso Luxe X M Pod Tank Verdampfer 0.3 Ohm,"=""0.3""",Pods,,25%,15%,
CAT00358,"=""801519""",,"=""4262445576694""",Vaporesso Luxe Q2 Pod Kit - 3 ml Version,"=""black""",Pods,,25%,15%,
CAT00359,"=""801520""",,"=""4262445576700""",Vaporesso Luxe Q2 Pod Kit - 3 ml Version,"=""grey""",Pods,,25%,15%,
CAT00360,"=""801522""",,"=""4262445576717""",Vaporesso Luxe Q2 Pod Kit - 3 ml Version,"=""blue""",Pods,,25%,15%,
CAT00361,"=""1602141""",,"=""4262445572597""",4x Uwell Caliburn G3 GPP V1 Pod Tank Verdampfer 1.2 Ohm,"=""1.2""",Pods,,25%,15%,
CAT00362,"=""TAPO10003""",,"=""4262445571415""",2x Lost Mary TAPPO Prefilled Pod - Cranberry Grape,"=""20mg""",Pods,,25%,15%,
CAT00363,"=""TAPO10004""",,"=""4262445571422""",2x Lost Mary TAPPO Prefilled Pod - Kiwi Passion Fruit Guava,"=""20mg""",Pods,,25%,15%,
CAT00364,"=""TAPO10006""",,"=""4262445571453""",2x Lost Mary TAPPO Prefilled Pod - Watermelon,"=""20mg""",Pods,,25%,15%,
CAT00365,"=""TAPO10007""",,"=""4262445571460""",2x Lost Mary TAPPO Prefilled Pod - Watermelon Cherry,"=""20mg""",Pods,,25%,15%,
CAT00366,"=""TAPO10008""",,"=""4262445571651""",2x Lost Mary TAPPO Prefilled Pod - Watermelon Mojito,"=""20mg""",Pods,,25%,15%,
CAT00367,"=""TAPO10009""",,"=""4262445571439""",2x Lost Mary TAPPO Prefilled Pod - Marystorm,"=""20mg""",Pods,,25%,15%,
CAT00368,"=""TPO101001""",,"=""4262445571552""",2x Lost Mary TAPPO Prefilled Pod - Blue Razz Lemonade (VE = 10Stk),"=""20mg""",Pods,,25%,15%,
CAT00369,"=""TPO101002""",,"=""4262445571484""",2x Lost Mary TAPPO Prefilled Pod - Blueberry Sour Raspberry (VE = 10Stk),"=""20mg""",Pods,,25%,15%,
CAT00370,"=""TPO101003""",,"=""4262445571491""",2x Lost Mary TAPPO Prefilled Pod - Cranberry Grape (VE = 10Stk),"=""20mg""",Pods,,25%,15%,
CAT00371,"=""TPO101004""",,"=""4262445571507""",2x Lost Mary TAPPO Prefilled Pod - Kiwi Passion Fruit Guava (VE = 10Stk),"=""20mg""",Pods,,25%,15%,
CAT00372,"=""TPO101006""",,"=""4262445571538""",2x Lost Mary TAPPO Prefilled Pod - Watermelon (VE = 10Stk),"=""20mg""",Pods,,25%,15%,
CAT00373,"=""TPO101007""",,"=""4262445571545""",2x Lost Mary TAPPO Prefilled Pod - Watermelon Cherry (VE = 10Stk),"=""20mg""",Pods,,25%,15%,
CAT00374,"=""TPO101008""",,"=""4262445571675""",2x Lost Mary TAPPO Prefilled Pod - Watermelon Mojito (VE = 10Stk),"=""20mg""",Pods,,25%,15%,
CAT00375,"=""TPO101009""",,"=""4262445571514""",2x Lost Mary TAPPO Prefilled Pod - Marystorm (VE = 10Stk),"=""20mg""",Pods,,25%,15%,
CAT00376,"=""TPO4001006""",,"=""4262445571613""",2x Lost Mary TAPPO Prefilled Pod - Watermelon (VE = 400Stk),"=""20mg""",Pods,,25%,15%,
CAT00377,"=""TPO4001007""",,"=""4262445571620""",2x Lost Mary TAPPO Prefilled Pod - Watermelon Cherry (VE = 400Stk),"=""20mg""",Pods,,25%,15%,
CAT00378,"=""TPO4001008""",,"=""4262445571699""",2x Lost Mary TAPPO Prefilled Pod - Watermelon Mojito (VE = 400Stk),"=""20mg""",Pods,,25%,15%,
CAT00379,"=""TPO4001009""",,"=""4262445571590""",2x Lost Mary TAPPO Prefilled Pod - Marystorm (VE = 400Stk),"=""20mg""",Pods,,25%,15%,
CAT00380,"=""9502007""",,"=""4262423772537""",3x Nevoks Feelin A1 DTL Pod Tank Verdampfer - 0.4 Ohm,"=""0.4""",Pods,,25%,15%,
CAT00381,"=""9502008""",,"=""4262423772544""",3x Nevoks Feelin A1 RDL Pod Tank Verdampfer - 0.6 Ohm,"=""0.6""",Pods,,25%,15%,
CAT00382,"=""9502009""",,"=""4262423772551""",3x Nevoks Feelin A1 MTL Pod Tank Verdampfer - 0.8 Ohm,"=""0.8""",Pods,,25%,15%,
CAT00383,"=""9502010""",,"=""4262423772568""",3x Nevoks Feelin A1 MTL Pod Tank Verdampfer - 1.2 Ohm,"=""1.2""",Pods,,25%,15%,
CAT00384,"=""9501077""",,"=""4262445578452""",Nevoks Feelin AX Pod Kit,"=""midnight-black""",Pods,,25%,15%,
CAT00385,"=""9501079""",,"=""4262445578476""",Nevoks Feelin AX Pod Kit,"=""sky-blue""",Pods,,25%,15%,
CAT00386,"=""9501081""",,"=""4262445578490""",Nevoks Feelin AX Pod Kit,"=""lake-green""",Pods,,25%,15%,
CAT00387,"=""9501080""",,"=""4262445578483""",Nevoks Feelin AX Pod Kit,"=""aurora-red""",Pods,,25%,15%,
CAT00388,"=""9501078""",,"=""4262445578469""",Nevoks Feelin AX Pod Kit,"=""misty-grey""",Pods,,25%,15%,
CAT00389,"=""9501083""",,"=""4262445578513""",Nevoks Feelin AX Pod Kit,"=""pearl-white""",Pods,,25%,15%,
CAT00390,"=""9501082""",,"=""4262445578506""",Nevoks Feelin AX Pod Kit,"=""lavender-violet""",Pods,,25%,15%,
CAT00391,"=""8101223""",,"=""4262445577929""",OXVA Xlim Go Pod Kit,"=""black""",Pods,,25%,15%,
CAT00392,"=""8101224""",,"=""4262445577936""",OXVA Xlim Go Pod Kit,"=""dark-grey""",Pods,,25%,15%,
CAT00393,"=""8101227""",,"=""4262445577950""",OXVA Xlim Go Pod Kit,"=""light-brown""",Pods,,25%,15%,
CAT00394,"=""8101226""",,"=""4262445577943""",OXVA Xlim Go Pod Kit,"=""dark-brown""",Pods,,25%,15%,
CAT00395,"=""8101225""",,"=""4262445577967""",OXVA Xlim Go Pod Kit,"=""red""",Pods,,25%,15%,
CAT00396,"=""8101229""",,"=""4262445577974""",OXVA Xlim Go Pod Kit,"=""light-green""",Pods,,25%,15%,
CAT00397,"=""8101230""",,"=""4262445577981""",OXVA Xlim Go Pod Kit,"=""white""",Pods,,25%,15%,
CAT00398,"=""8101278""",,"=""4262481464948""",OXVA Xlim Go Pod Kit,"=""graffiti-pink""",Pods,,25%,15%,
CAT00399,"=""8101273""",,"=""4262481464894""",OXVA Xlim Go Pod Kit,"=""striped-grey""",Pods,,25%,15%,
CAT00400,"=""8101274""",,"=""4262481464900""",OXVA Xlim Go Pod Kit,"=""striped-blue""",Pods,,25%,15%,
CAT00401,"=""8101275""",,"=""4262481464917""",OXVA Xlim Go Pod Kit,"=""striped-orange""",Pods,,25%,15%,
CAT00402,"=""8101276""",,"=""4262481464924""",OXVA Xlim Go Pod Kit,"=""graffiti-blue""",Pods,,25%,15%,
CAT00403,"=""8101277""",,"=""4262481464931""",OXVA Xlim Go Pod Kit,"=""graffiti-black""",Pods,,25%,15%,
CAT00404,"=""8101279""",,"=""4262481464955""",OXVA Xlim Go Pod Kit,"=""luxe-brown""",Pods,,25%,15%,
CAT00405,"=""8101280""",,"=""4262481464962""",OXVA Xlim Go Pod Kit,"=""luxe-black""",Pods,,25%,15%,
CAT00406,"=""2501550""",,"=""4262445570296""",Voopoo Drag X2 Pod Kit,"=""glow-pink""",Pods,,25%,15%,
CAT00407,"=""2502090""",,"=""4262445573006""",2x Voopoo Doric Galaxy Pod Tank Verdampfer,"=""1.2""",Pods,,25%,15%,
CAT00408,"=""2502093""",,"=""4262445578315""",2x Voopoo Doric Galaxy Pod Tank Verdampfer,"=""0.7""",Pods,,25%,15%,
CAT00409,"=""1101325""",,"=""4262445578575""",Innokin Trine Pod Kit,"=""gold-pink""",Pods,,25%,15%,
CAT00410,"=""1101322""",,"=""4262445578544""",Innokin Trine Pod Kit,"=""solor-red""",Pods,,25%,15%,
CAT00411,"=""1101324""",,"=""4262445578568""",Innokin Trine Pod Kit,"=""ivory-white""",Pods,,25%,15%,
CAT00412,"=""1102152""",,"=""4262445578599""",Innokin Vcap Pod Tank Verdampfer,"=""0.8""",Pods,,25%,15%,
CAT00413,"=""6705005""",,"=""4262445577912""",Lost Vape Ursa Pod Adapter,,Pods,,25%,15%,
CAT00414,"=""2502094""",,"=""4262445579480""",2x Voopoo Argus E40 Pod Tank Verdampfer,"=""0.3""",Pods,,25%,15%,
CAT00415,"=""2502096""",,"=""4262445579503""",2x Voopoo Argus E40 Pod Tank Verdampfer,"=""0.6""",Pods,,25%,15%,
CAT00416,"=""801548""",,"=""4262445579558""",Vaporesso Luxe X2 Pod Kit,"=""light-pink""",Pods,,25%,15%,
CAT00417,"=""801552""",,"=""4262445579589""",Vaporesso Luxe X2 Pod Kit,"=""ruby-white""",Pods,,25%,15%,
CAT00418,"=""802112""",,"=""4262445579619""",2x Vaporesso Luxe X Series Mesh Pod Tank Verdampfer - Corex 2.0,"=""0.8""",Pods,,25%,15%,
CAT00419,"=""802113""",,"=""4262445579602""",2x Vaporesso Luxe X Series Mesh Pod Tank Verdampfer - Corex 2.0,"=""0.6""",Pods,,25%,15%,
CAT00420,"=""801555""",,"=""4262445579688""",4x Vaporesso XROS Series Corex 3.0 Pod Tank Verdampfer - 2ml,"=""1.2""",Pods,,25%,15%,
CAT00421,"=""801556""",,"=""4262445579671""",4x Vaporesso XROS Series Corex 3.0 Pod Tank Verdampfer - 2ml,"=""1.0""",Pods,,25%,15%,
CAT00422,"=""801557""",,"=""4262445579664""",4x Vaporesso XROS Series Corex 3.0 Pod Tank Verdampfer - 2ml,"=""0.8""",Pods,,25%,15%,
CAT00423,"=""EFL101047""",,"=""4895261110072""",ELFBAR ELFLIQ Blackberry Lemon Nikotinsalz Liquid 10 ml (VE = 10Stk),"=""20mg""",ELFBAR,,25%,15%,
CAT00424,"=""EFL101048""",,"=""4895261110577""",ELFBAR ELFLIQ Blackberry Lemon Nikotinsalz Liquid 10 ml (VE = 10Stk),"=""10mg""",ELFBAR,,25%,15%,
CAT00425,"=""EFL101059""",,"=""4895261110218""",ELFBAR ELFLIQ Pineapple Mango Orange Nikotinsalz Liquid 10 ml (VE = 10Stk),"=""20mg""",ELFBAR,,25%,15%,
CAT00426,"=""EFL101060""",,"=""4895261110713""",ELFBAR ELFLIQ Pineapple Mango Orange Nikotinsalz Liquid 10 ml (VE = 10Stk),"=""10mg""",ELFBAR,,25%,15%,
CAT00427,"=""EFL101061""",,"=""4895261110249""",ELFBAR ELFLIQ Sour Apple Nikotinsalz Liquid 10 ml (VE = 10Stk),"=""20mg""",ELFBAR,,25%,15%,
CAT00428,"=""EFL101062""",,"=""4895261110744""",ELFBAR ELFLIQ Sour Apple Nikotinsalz Liquid 10 ml (VE = 10Stk),"=""10mg""",ELFBAR,,25%,15%,
CAT00429,"=""EFL101063""",,"=""4895261110294""",ELFBAR ELFLIQ Strawberry Raspberry Cherry Ice Nikotinsalz Liquid 10 ml (VE = 10Stk),"=""20mg""",ELFBAR,,25%,15%,
CAT00430,"=""EFL101064""",,"=""4895261110799""",ELFBAR ELFLIQ Strawberry Raspberry Cherry Ice Nikotinsalz Liquid 10 ml (VE = 10Stk),"=""10mg""",ELFBAR,,25%,15%,
CAT00431,"=""EFL2001047""",,"=""4262481469011""",ELFBAR ELFLIQ Blackberry Lemon Nikotinsalz Liquid 10 ml (VE = 200Stk),"=""20mg""",ELFBAR,,25%,15%,
CAT00432,"=""EFL2001048""",,"=""4262481469301""",ELFBAR ELFLIQ Blackberry Lemon Nikotinsalz Liquid 10 ml (VE = 200Stk),"=""10mg""",ELFBAR,,25%,15%,
CAT00433,"=""EFL2001059""",,"=""4262481469172""",ELFBAR ELFLIQ Pineapple Mango Orange Nikotinsalz Liquid 10 ml (VE = 200Stk),"=""20mg""",ELFBAR,,25%,15%,
CAT00434,"=""EFL2001060""",,"=""4262481469462""",ELFBAR ELFLIQ Pineapple Mango Orange Nikotinsalz Liquid 10 ml (VE = 200Stk),"=""10mg""",ELFBAR,,25%,15%,
CAT00435,"=""EFL2001061""",,"=""4262481469202""",ELFBAR ELFLIQ Sour Apple Nikotinsalz Liquid 10 ml (VE = 200Stk),"=""20mg""",ELFBAR,,25%,15%,
CAT00436,"=""EFL2001062""",,"=""4262481469493""",ELFBAR ELFLIQ Sour Apple Nikotinsalz Liquid 10 ml (VE = 200Stk),"=""10mg""",ELFBAR,,25%,15%,
CAT00437,"=""EFL2001063""",,"=""4262481469257""",ELFBAR ELFLIQ Strawberry Raspberry Cherry Ice Nikotinsalz Liquid 10 ml (VE = 200Stk),"=""20mg""",ELFBAR,,25%,15%,
CAT00438,"=""EFL2001064""",,"=""4262481469547""",ELFBAR ELFLIQ Strawberry Raspberry Cherry Ice Nikotinsalz Liquid 10 ml (VE = 200Stk),"=""10mg""",ELFBAR,,25%,15%,
CAT00439,"=""EFA101097""",,"=""6937080575200""",2x Elfbar ELFA Refillable Pod (VE = 10Stk),"=""1.1""",Pods,,25%,15%,
CAT00440,"=""EFA4001153""",,"=""4262481460247""",2x Elfbar ELFA Refillable Pod (VE = 400Stk),"=""1.1""",Pods,,25%,15%,
CAT00441,"=""10222097""",,"=""6937080575194""",2x Elfbar ELFA Refillable Pod,"=""1.1""",Pods,,25%,15%,
CAT00442,"=""10092005""",,"=""3858895058982""",3x Kiwi Spark Pod Tank Verdampfer,"=""0.8""",Pods,,25%,15%,
CAT00443,"=""10092006""",,"=""3858895058999""",3x Kiwi Spark Pod Tank Verdampfer,"=""1.2""",Pods,,25%,15%,
CAT00444,"=""EFA101089""",,"=""6932570164537""",2x Elfbar ELFA Pod - Lemon Mint (VE = 10Stk),"=""20mg""",Pods,,25%,15%,
CAT00445,"=""EFA101095""",,"=""6932570164513""",2x Elfbar ELFA Pod - Watermelon Cherry (VE = 10Stk),"=""20mg""",Pods,,25%,15%,
CAT00446,"=""EFA4001145""",,"=""4262481469738""",2x Elfbar ELFA Pod - Lemon Mint (VE = 400Stk),"=""20mg""",Pods,,25%,15%,
CAT00447,"=""EFA4001151""",,"=""4262481469912""",2x Elfbar ELFA Pod - Watermelon Cherry (VE = 400Stk),"=""20mg""",Pods,,25%,15%,
CAT00448,"=""EFA101099""",,"=""6932570164544""",2x Elfbar ELFA Pod - Blackberry Ice (VE = 10Stk),"=""20mg""",Pods,,25%,15%,
CAT00449,"=""EFA4001155""",,"=""4262481469608""",2x Elfbar ELFA Pod - Blackberry Ice (VE = 400Stk),"=""20mg""",Pods,,25%,15%,
CAT00450,"=""1601387""",,"=""4262445577257""",Uwell Havok R Pod Kit,"=""silver""",Pods,,25%,15%,
CAT00451,"=""1601388""",,"=""4262445577264""",Uwell Havok R Pod Kit,"=""gray""",Pods,,25%,15%,
CAT00452,"=""1601389""",,"=""4262445577240""",Uwell Havok R Pod Kit,"=""black-wood""",Pods,,25%,15%,
CAT00453,"=""1601392""",,"=""4262445577295""",Uwell Havok R Pod Kit,"=""lake-green""",Pods,,25%,15%,
CAT00454,"=""2401113""",,"=""4262481460940""",DotMod dotPod Pro Kit,"=""red""",Pods,,25%,15%,
CAT00455,"=""2401115""",,"=""4262481460964""",DotMod dotPod Pro Kit,"=""orange""",Pods,,25%,15%,
CAT00456,"=""802116""",,"=""4262481461343""",2x Vaporesso Luxe X M Pod Tank Verdampfer - Corex 2.0,"=""0.4""",Pods,,25%,15%,
CAT00457,"=""802117""",,"=""4262481461336""",2x Vaporesso Luxe X M Pod Tank Verdampfer - Corex 2.0,"=""0.3""",Pods,,25%,15%,
CAT00458,"=""ELFL10047""",,"=""4895261109823""",ELFBAR ELFLIQ Blackberry Lemon Nikotinsalz Liquid 10 ml,"=""20mg""",ELFBAR,,25%,15%,
CAT00459,"=""ELFL10048""",,"=""4895261110324""",ELFBAR ELFLIQ Blackberry Lemon Nikotinsalz Liquid 10 ml,"=""10mg""",ELFBAR,,25%,15%,
CAT00460,"=""ELFL10059""",,"=""4895261109960""",ELFBAR ELFLIQ Pineapple Mango Orange Nikotinsalz Liquid 10 ml,"=""20mg""",ELFBAR,,25%,15%,
CAT00461,"=""ELFL10060""",,"=""4895261110461""",ELFBAR ELFLIQ Pineapple Mango Orange Nikotinsalz Liquid 10 ml,"=""10mg""",ELFBAR,,25%,15%,
CAT00462,"=""ELFL10061""",,"=""4895261109991""",ELFBAR ELFLIQ Sour Apple Nikotinsalz Liquid 10 ml,"=""20mg""",ELFBAR,,25%,15%,
CAT00463,"=""ELFL10062""",,"=""4895261110492""",ELFBAR ELFLIQ Sour Apple Nikotinsalz Liquid 10 ml,"=""10mg""",ELFBAR,,25%,15%,
CAT00464,"=""ELFL10063""",,"=""4895261110041""",ELFBAR ELFLIQ Strawberry Raspberry Cherry Ice Nikotinsalz Liquid 10 ml,"=""20mg""",ELFBAR,,25%,15%,
CAT00465,"=""ELFL10064""",,"=""4895261110546""",ELFBAR ELFLIQ Strawberry Raspberry Cherry Ice Nikotinsalz Liquid 10 ml,"=""10mg""",ELFBAR,,25%,15%,
CAT00466,"=""10222089""",,"=""6932570164223""",2x Elfbar ELFA Pod - Lemon Mint,"=""20mg""",Pods,,25%,15%,
CAT00467,"=""10222095""",,"=""6932570164209""",2x Elfbar ELFA Pod - Watermelon Cherry,"=""20mg""",Pods,,25%,15%,
CAT00468,"=""10222099""",,"=""6932570164230""",2x Elfbar ELFA Pod - Blackberry Ice,"=""20mg""",Pods,,25%,15%,
CAT00469,"=""2501675""",,"=""4262481461152""",Voopoo Argus A Pod Kit,"=""azure-blue""",Pods,,25%,15%,
CAT00470,"=""2501678""",,"=""4262481461169""",Voopoo Argus A Pod Kit,"=""phantom-red""",Pods,,25%,15%,
CAT00471,"=""2501680""",,"=""4262481461183""",Voopoo Argus A Pod Kit,"=""phantom-purple""",Pods,,25%,15%,
CAT00472,"=""2501679""",,"=""4262481461176""",Voopoo Argus A Pod Kit,"=""racing-green""",Pods,,25%,15%,
CAT00473,"=""2501682""",,"=""4262481461206""",Voopoo Argus A Pod Kit,"=""crystal-pink""",Pods,,25%,15%,
CAT00474,"=""2501681""",,"=""4262481461190""",Voopoo Argus A Pod Kit,"=""pearl-white""",Pods,,25%,15%,
CAT00475,"=""2501686""",,"=""4262481461244""",Voopoo Vmate Pro Pod Kit - Power Edition,"=""armor-blue""",Pods,,25%,15%,
CAT00476,"=""2501690""",,"=""4262481461282""",Voopoo Vmate Pro Pod Kit - Power Edition,"=""whorl-dawn""",Pods,,25%,15%,
CAT00477,"=""10222031""",,"=""6932570164070""",2x Elfbar ELFA Pod - Cherry,"=""20mg""",Pods,,25%,15%,
CAT00478,"=""10222032""",,"=""6932570165824""",2x Elfbar ELFA Pod - Cherry,"=""0mg""",Pods,,25%,15%,
CAT00479,"=""10222033""",,"=""6932570164087""",2x Elfbar ELFA Pod - Peach Ice,"=""20mg""",Pods,,25%,15%,
CAT00480,"=""10222034""",,"=""6932570165855""",2x Elfbar ELFA Pod - Peach Ice,"=""0mg""",Pods,,25%,15%,
CAT00481,"=""10222035""",,"=""6932570163981""",2x Elfbar ELFA Pod - Kiwi Passion Fruit Guava,"=""20mg""",Pods,,25%,15%,
CAT00482,"=""10222036""",,"=""6932570165831""",2x Elfbar ELFA Pod - Kiwi Passion Fruit Guava,"=""0mg""",Pods,,25%,15%,
CAT00483,"=""10222043""",,"=""6932570164094""",2x Elfbar ELFA Pod - Mix Berries,"=""20mg""",Pods,,25%,15%,
CAT00484,"=""10222044""",,"=""6932570165848""",2x Elfbar ELFA Pod - Mix Berries,"=""0mg""",Pods,,25%,15%,
CAT00485,"=""10222045""",,"=""6932570164100""",2x Elfbar ELFA Pod - Tropical Fruit,"=""20mg""",Pods,,25%,15%,
CAT00486,"=""10222046""",,"=""6932570165862""",2x Elfbar ELFA Pod - Tropical Fruit,"=""0mg""",Pods,,25%,15%,
CAT00487,"=""EFA101031""",,"=""6932570164384""",2x Elfbar ELFA Pod - Cherry (VE = 10Stk),"=""20mg""",Pods,,25%,15%,
CAT00488,"=""EFA101032""",,"=""6932570165909""",2x Elfbar ELFA Pod - Cherry (VE = 10Stk),"=""0mg""",Pods,,25%,15%,
CAT00489,"=""EFA101033""",,"=""6932570164391""",2x Elfbar ELFA Pod - Peach Ice (VE = 10Stk),"=""20mg""",Pods,,25%,15%,
CAT00490,"=""EFA101034""",,"=""6932570165930""",2x Elfbar ELFA Pod - Peach Ice (VE = 10Stk),"=""0mg""",Pods,,25%,15%,
CAT00491,"=""EFA101035""",,"=""6932570164292""",2x Elfbar ELFA Pod - Kiwi Passion Fruit Guava (VE = 10Stk),"=""20mg""",Pods,,25%,15%,
CAT00492,"=""EFA101036""",,"=""6932570165916""",2x Elfbar ELFA Pod - Kiwi Passion Fruit Guava (VE = 10Stk),"=""0mg""",Pods,,25%,15%,
CAT00493,"=""EFA101043""",,"=""6932570164407""",2x Elfbar ELFA Pod - Mix Berries (VE = 10Stk),"=""20mg""",Pods,,25%,15%,
CAT00494,"=""EFA101044""",,"=""6932570165923""",2x Elfbar ELFA Pod - Mix Berries (VE = 10Stk),"=""0mg""",Pods,,25%,15%,
CAT00495,"=""EFA101045""",,"=""6932570164414""",2x Elfbar ELFA Pod - Tropical Fruit (VE = 10Stk),"=""20mg""",Pods,,25%,15%,
CAT00496,"=""EFA101046""",,"=""6932570165947""",2x Elfbar ELFA Pod - Tropical Fruit (VE = 10Stk),"=""0mg""",Pods,,25%,15%,
CAT00497,"=""EFA4001031""",,"=""4262481469677""",2x Elfbar ELFA Pod - Cherry (VE = 400Stk),"=""20mg""",Pods,,25%,15%,
CAT00498,"=""EFA4001032""",,"=""4262481469950""",2x Elfbar ELFA Pod - Cherry (VE = 400Stk),"=""0mg""",Pods,,25%,15%,
CAT00499,"=""EFA4001033""",,"=""4262481469783""",2x Elfbar ELFA Pod - Peach Ice (VE = 400Stk),"=""20mg""",Pods,,25%,15%,
CAT00500,"=""EFA4001034""",,"=""4262481469981""",2x Elfbar ELFA Pod - Peach Ice (VE = 400Stk),"=""0mg""",Pods,,25%,15%,
CAT00501,"=""EFA4001035""",,"=""4262481469721""",2x Elfbar ELFA Pod - Kiwi Passion Fruit Guava (VE = 400Stk),"=""20mg""",Pods,,25%,15%,
CAT00502,"=""EFA4001036""",,"=""4262481469967""",2x Elfbar ELFA Pod - Kiwi Passion Fruit Guava (VE = 400Stk),"=""0mg""",Pods,,25%,15%,
CAT00503,"=""EFA4001043""",,"=""4262481469769""",2x Elfbar ELFA Pod - Mix Berries (VE = 400Stk),"=""20mg""",Pods,,25%,15%,
CAT00504,"=""EFA4001044""",,"=""4262481469974""",2x Elfbar ELFA Pod - Mix Berries (VE = 400Stk),"=""0mg""",Pods,,25%,15%,
CAT00505,"=""EFA4001045""",,"=""4262481469899""",2x Elfbar ELFA Pod - Tropical Fruit (VE = 400Stk),"=""20mg""",Pods,,25%,15%,
CAT00506,"=""EFA4001046""",,"=""4262481469998""",2x Elfbar ELFA Pod - Tropical Fruit (VE = 400Stk),"=""0mg""",Pods,,25%,15%,
CAT00507,"=""10222073""",,"=""6932570164063""",2x Elfbar ELFA Pod - Apple Peach,"=""20mg""",Pods,,25%,15%,
CAT00508,"=""10222074""",,"=""6932570165800""",2x Elfbar ELFA Pod - Apple Peach,"=""0mg""",Pods,,25%,15%,
CAT00509,"=""10222079""",,"=""6932570164032""",2x Elfbar ELFA Pod - Blueberry,"=""20mg""",Pods,,25%,15%,
CAT00510,"=""10222080""",,"=""6932570165817""",2x Elfbar ELFA Pod - Blueberry,"=""0mg""",Pods,,25%,15%,
CAT00511,"=""10222085""",,"=""6932570163943""",2x Elfbar ELFA Pod - Watermelon,"=""20mg""",Pods,,25%,15%,
CAT00512,"=""10222086""",,"=""6932570165879""",2x Elfbar ELFA Pod - Watermelon,"=""0mg""",Pods,,25%,15%,
CAT00513,"=""EFA101073""",,"=""6932570164377""",2x Elfbar ELFA Pod - Apple Peach (VE = 10Stk),"=""20mg""",Pods,,25%,15%,
CAT00514,"=""EFA101074""",,"=""6932570165886""",2x Elfbar ELFA Pod - Apple Peach (VE = 10Stk),"=""0mg""",Pods,,25%,15%,
CAT00515,"=""EFA101079""",,"=""6932570164346""",2x Elfbar ELFA Pod - Blueberry (VE = 10Stk),"=""20mg""",Pods,,25%,15%,
CAT00516,"=""EFA101080""",,"=""6932570165893""",2x Elfbar ELFA Pod - Blueberry (VE = 10Stk),"=""0mg""",Pods,,25%,15%,
CAT00517,"=""EFA101085""",,"=""6932570164254""",2x Elfbar ELFA Pod - Watermelon (VE = 10Stk),"=""20mg""",Pods,,25%,15%,
CAT00518,"=""EFA101086""",,"=""6932570165954""",2x Elfbar ELFA Pod - Watermelon (VE = 10Stk),"=""0mg""",Pods,,25%,15%,
CAT00519,"=""EFA4001073""",,"=""4262481469578""",2x Elfbar ELFA Pod - Apple Peach (VE = 400Stk),"=""20mg""",Pods,,25%,15%,
CAT00520,"=""EFA4001074""",,"=""4262481469936""",2x Elfbar ELFA Pod - Apple Peach (VE = 400Stk),"=""0mg""",Pods,,25%,15%,
CAT00521,"=""EFA4001079""",,"=""4262481469639""",2x Elfbar ELFA Pod - Blueberry (VE = 400Stk),"=""20mg""",Pods,,25%,15%,
CAT00522,"=""EFA4001080""",,"=""4262481469943""",2x Elfbar ELFA Pod - Blueberry (VE = 400Stk),"=""0mg""",Pods,,25%,15%,
CAT00523,"=""EFA4001085""",,"=""4262481469905""",2x Elfbar ELFA Pod - Watermelon (VE = 400Stk),"=""20mg""",Pods,,25%,15%,
CAT00524,"=""EFA4001086""",,"=""4262481463903""",2x Elfbar ELFA Pod - Watermelon (VE = 400Stk),"=""0mg""",Pods,,25%,15%,
CAT00525,"=""TPO101013""",,"=""4262445579077""",2x Lost Mary TAPPO Prefilled Pod - Pineapple Passion Fruit Lemon (VE = 10Stk),"=""20mg""",Pods,,25%,15%,
CAT00526,"=""802118""",,"=""4262481462753""",4x Vaporesso Eco One Pod Tank Verdampfer,"=""0.8""",Pods,,25%,15%,
CAT00527,"=""802119""",,"=""4262481462760""",4x Vaporesso Eco One Pod Tank Verdampfer,"=""1.2""",Pods,,25%,15%,
CAT00528,"=""802120""",,"=""4262481463446""",2x Vaporesso Eco Nano Pod Tank Verdampfer,"=""0.6""",Pods,,25%,15%,
CAT00529,"=""802121""",,"=""4262481463453""",2x Vaporesso Eco Nano Pod Tank Verdampfer,"=""0.8""",Pods,,25%,15%,
CAT00530,"=""802122""",,"=""4262481463460""",2x Vaporesso Eco Nano Pod Tank Verdampfer,"=""1.2""",Pods,,25%,15%,
CAT00531,"=""4601082""",,"=""4262481462487""",Rincoe Manto Nano Z2 Pod Kit,"=""gold""",Pods,,25%,15%,
CAT00532,"=""4601083""",,"=""4262481462463""",Rincoe Manto Nano Z2 Pod Kit,"=""midnight-green""",Pods,,25%,15%,
CAT00533,"=""4601085""",,"=""4262481462456""",Rincoe Manto Nano Z2 Pod Kit,"=""shadow-blue""",Pods,,25%,15%,
CAT00534,"=""4601086""",,"=""4262481462494""",Rincoe Manto Nano Z2 Pod Kit,"=""shiny-pink""",Pods,,25%,15%,
CAT00535,"=""4601087""",,"=""4262481462470""",Rincoe Manto Nano Z2 Pod Kit,"=""glacier-green""",Pods,,25%,15%,
CAT00536,"=""1201526""",,"=""4262481462920""",Geekvape Wenax S3 Evo Pod Kit,"=""black""",Pods,,25%,15%,
CAT00537,"=""1201527""",,"=""4262481462944""",Geekvape Wenax S3 Evo Pod Kit,"=""gunmetal""",Pods,,25%,15%,
CAT00538,"=""1201528""",,"=""4262481462951""",Geekvape Wenax S3 Evo Pod Kit,"=""blue""",Pods,,25%,15%,
CAT00539,"=""1201529""",,"=""4262481462968""",Geekvape Wenax S3 Evo Pod Kit,"=""champagne""",Pods,,25%,15%,
CAT00540,"=""1201530""",,"=""4262481462975""",Geekvape Wenax S3 Evo Pod Kit,"=""purple""",Pods,,25%,15%,
CAT00541,"=""10551001""",,"=""6937080511949""",2x Elfbar Elfa Turbo Refillable Pod,"=""0.8""",Pods,,25%,15%,
CAT00542,"=""TRE101001""",,"=""6937080511956""",2x Elfbar Elfa Turbo Refillable Pod (VE = 10Stk),"=""0.8""",Pods,,25%,15%,
CAT00543,"=""TRE201001""",,"=""4262481460254""",2x Elfbar Elfa Turbo Refillable Pod (VE = 400Stk),"=""0.8""",Pods,,25%,15%,
CAT00544,"=""10514001""",,"=""6975534731949""",Hoosh E-Head Pod - Amalfi Breeze,"=""0mg""",Pods,,25%,15%,
CAT00545,"=""10514002""",,"=""6975534731895""",Hoosh E-Head Pod - Arabian Nights,"=""0mg""",Pods,,25%,15%,
CAT00546,"=""10514003""",,"=""6975534731925""",Hoosh E-Head Pod - Blue Glacier,"=""0mg""",Pods,,25%,15%,
CAT00547,"=""10514004""",,"=""6975534731901""",Hoosh E-Head Pod - Emerald Dream,"=""0mg""",Pods,,25%,15%,
CAT00548,"=""10514005""",,"=""6975534731888""",Hoosh E-Head Pod - Love DXB,"=""0mg""",Pods,,25%,15%,
CAT00549,"=""10514006""",,"=""6975534731932""",Hoosh E-Head Pod - Pink Kiss,"=""0mg""",Pods,,25%,15%,
CAT00550,"=""10514007""",,"=""6975534731918""",Hoosh E-Head Pod - Purple Chill,"=""0mg""",Pods,,25%,15%,
CAT00551,"=""HSH101001""",,"=""6975534732519""",Hoosh E-Head Pod - Amalfi Breeze (VE = 10Stk),"=""0mg""",Pods,,25%,15%,
CAT00552,"=""HSH101002""",,"=""6975534732564""",Hoosh E-Head Pod - Arabian Nights (VE = 10Stk),"=""0mg""",Pods,,25%,15%,
CAT00553,"=""HSH101003""",,"=""6975534732533""",Hoosh E-Head Pod - Blue Glacier (VE = 10Stk),"=""0mg""",Pods,,25%,15%,
CAT00554,"=""HSH101004""",,"=""6975534732557""",Hoosh E-Head Pod - Emerald Dream (VE = 10Stk),"=""0mg""",Pods,,25%,15%,
CAT00555,"=""HSH101005""",,"=""6975534732571""",Hoosh E-Head Pod - Love DXB (VE = 10Stk),"=""0mg""",Pods,,25%,15%,
CAT00556,"=""HSH101006""",,"=""6975534732526""",Hoosh E-Head Pod - Pink Kiss (VE = 10Stk),"=""0mg""",Pods,,25%,15%,
CAT00557,"=""HSH101007""",,"=""6975534732540""",Hoosh E-Head Pod - Purple Chill (VE = 10Stk),"=""0mg""",Pods,,25%,15%,
CAT00558,"=""1602144""",,"=""4262481462296""",4x Uwell Caliburn G3 GPP V1 Pod Tank Verdampfer - 3 ml,"=""0.4""",Pods,,25%,15%,
CAT00559,"=""9502012""",,"=""4262481464122""",2x Nevoks X Pod Tank Verdampfer,"=""0.2""",Pods,,25%,15%,
CAT00560,"=""9502014""",,"=""4262481464146""",2x Nevoks X Pod Tank Verdampfer,"=""0.4""",Pods,,25%,15%,
CAT00561,"=""9502015""",,"=""4262481464153""",2x Nevoks X Pod Tank Verdampfer,"=""0.6""",Pods,,25%,15%,
CAT00562,"=""9502013""",,"=""4262481464139""",2x Nevoks X Pod Tank Verdampfer,"=""0.3""",Pods,,25%,15%,
CAT00563,"=""9502016""",,,2x Nevoks X Pod Tank Verdampfer,"=""0.8""",Pods,,25%,15%,
CAT00564,"=""1202278""",,"=""4262481463286""",3x GeekVape Q Pod Tank Verdampfer - 3 ml,"=""0.6""",Pods,,25%,15%,
CAT00565,"=""1202279""",,"=""4262481463293""",3x GeekVape Q Pod Tank Verdampfer - 3 ml,"=""0.8""",Pods,,25%,15%,
CAT00566,"=""302160""",,"=""4262481464863""",2x Eleaf iCita Pod Tank Verdampfer,"=""0.3""",Pods,,25%,15%,
CAT00567,"=""302162""",,"=""4262481464887""",2x Eleaf iCita Pod Tank Verdampfer,"=""0.8""",Pods,,25%,15%,
CAT00568,"=""302161""",,"=""4262481464870""",2x Eleaf iCita Pod Tank Verdampfer,"=""0.6""",Pods,,25%,15%,
CAT00569,"=""2502091""",,"=""4262445577493""",3x Voopoo Argus Pod Tank Verdampfer 3ml - Top Fill,"=""0.4""",Pods,,25%,15%,
CAT00570,"=""2402085""",,"=""4262481465921""",DotMod dotpod Max Tank Verdampfer - Ohne Coil,"=""clear""",Pods,,25%,15%,
CAT00571,"=""2402086""",,"=""4262481465938""",DotMod dotpod Max Tank Verdampfer - Ohne Coil,"=""smoke""",Pods,,25%,15%,
CAT00572,"=""2405167""",,"=""4262481465945""",DotMod dotpod Max Drip Tip,"=""black""",Pods,,25%,15%,
CAT00573,"=""1201606""",,"=""4262481465594""",Geekvape Sonder Q2 Pod Kit,"=""midnight-black""",Pods,,25%,15%,
CAT00574,"=""1201604""",,"=""4262481465624""",Geekvape Sonder Q2 Pod Kit,"=""ocean-blue""",Pods,,25%,15%,
CAT00575,"=""1201599""",,"=""4262481465679""",Geekvape Sonder Q2 Pod Kit,"=""mocha-gold""",Pods,,25%,15%,
CAT00576,"=""1201601""",,"=""4262481465631""",Geekvape Sonder Q2 Pod Kit,"=""burgundy-red""",Pods,,25%,15%,
CAT00577,"=""1201602""",,"=""4262481465648""",Geekvape Sonder Q2 Pod Kit,"=""olive-green""",Pods,,25%,15%,
CAT00578,"=""1201603""",,"=""4262481465617""",Geekvape Sonder Q2 Pod Kit,"=""misty-blue""",Pods,,25%,15%,
CAT00579,"=""1201600""",,"=""4262481465686""",Geekvape Sonder Q2 Pod Kit,"=""sakura-pink""",Pods,,25%,15%,
CAT00580,"=""1201598""",,"=""4262481465655""",Geekvape Sonder Q2 Pod Kit,"=""apricot-yellow""",Pods,,25%,15%,
CAT00581,"=""1201605""",,"=""4262481465662""",Geekvape Sonder Q2 Pod Kit,"=""metallic-purple""",Pods,,25%,15%,
CAT00582,"=""IVA101001""",,"=""5056796811844""",2x IVG Air Prefilled Pod - Blue Raspberry Ice,"=""20mg""",Pods,,25%,15%,
CAT00583,"=""IVA101002""",,"=""5056796811929""",2x IVG Air Prefilled Pod - Blue Sour Raspberry,"=""20mg""",Pods,,25%,15%,
CAT00584,"=""IVA101003""",,"=""5056796811868""",2x IVG Air Prefilled Pod - Classic Menthol,"=""20mg""",Pods,,25%,15%,
CAT00585,"=""IVA101004""",,"=""5056796811813""",2x IVG Air Prefilled Pod - Fizzy Cherry,"=""20mg""",Pods,,25%,15%,
CAT00586,"=""IVA101005""",,"=""5056796811967""",2x IVG Air Prefilled Pod - Fizzy Lemon,"=""20mg""",Pods,,25%,15%,
CAT00587,"=""IVA101006""",,"=""5056796811899""",2x IVG Air Prefilled Pod - Grape Ice,"=""20mg""",Pods,,25%,15%,
CAT00588,"=""IVA101007""",,"=""5056796811820""",2x IVG Air Prefilled Pod - Lemon Lime,"=""20mg""",Pods,,25%,15%,
CAT00589,"=""IVA101008""",,"=""5056796811905""",2x IVG Air Prefilled Pod - Peach Mango Ice,"=""20mg""",Pods,,25%,15%,
CAT00590,"=""IVA101009""",,"=""5056796811837""",2x IVG Air Prefilled Pod - Pineapple Ice,"=""20mg""",Pods,,25%,15%,
CAT00591,"=""IVA101010""",,"=""5056796812063""",2x IVG Air Prefilled Pod - Pineapple Passionfruit,"=""20mg""",Pods,,25%,15%,
CAT00592,"=""IVA101011""",,"=""5056796811875""",2x IVG Air Prefilled Pod - Strawberry Ice,"=""20mg""",Pods,,25%,15%,
CAT00593,"=""IVA101012""",,"=""5056796811936""",2x IVG Air Prefilled Pod - Strawberry Raspberry Ice,"=""20mg""",Pods,,25%,15%,
CAT00594,"=""IVA101013""",,"=""5056796811851""",2x IVG Air Prefilled Pod - Strawberry Watermelon,"=""20mg""",Pods,,25%,15%,
CAT00595,"=""IVA101014""",,"=""5056796812056""",2x IVG Air Prefilled Pod - Tropical Fruits,"=""20mg""",Pods,,25%,15%,
CAT00596,"=""IVA101015""",,"=""5056796811882""",2x IVG Air Prefilled Pod - Watermelon Ice,"=""20mg""",Pods,,25%,15%,
CAT00597,"=""10571001""",,"=""4262481463842""",Elfbar ELFX Refillable Kit,"=""silver""",ELFBAR,,25%,15%,
CAT00598,"=""10571002""",,"=""4262481463835""",Elfbar ELFX Refillable Kit,"=""black""",ELFBAR,,25%,15%,
CAT00599,"=""10571004""",,"=""4262481463866""",Elfbar ELFX Refillable Kit,"=""silver-blue""",ELFBAR,,25%,15%,
CAT00600,"=""10571003""",,"=""4262481463859""",Elfbar ELFX Refillable Kit,"=""dark-sea""",ELFBAR,,25%,15%,
CAT00601,"=""10571005""",,"=""4262481463873""",Elfbar ELFX Refillable Kit,"=""silver-pink""",ELFBAR,,25%,15%,
CAT00602,"=""FX1001001""",,"=""4262481463989""",Elfbar ELFX Refillable Kit (VE = 100Stk),"=""silver""",ELFBAR,,25%,15%,
CAT00603,"=""FX1001002""",,"=""4262519670778""",Elfbar ELFX Refillable Kit (VE = 100Stk),"=""black""",ELFBAR,,25%,15%,
CAT00604,"=""FX1001003""",,"=""4262481463996""",Elfbar ELFX Refillable Kit (VE = 100Stk),"=""dark-sea""",ELFBAR,,25%,15%,
CAT00605,"=""FX1001004""",,"=""4262481464009""",Elfbar ELFX Refillable Kit (VE = 100Stk),"=""silver-blue""",ELFBAR,,25%,15%,
CAT00606,"=""FX1001005""",,"=""4262481464016""",Elfbar ELFX Refillable Kit (VE = 100Stk),"=""silver-pink""",ELFBAR,,25%,15%,
CAT00607,"=""10631001""",,"=""4260705978530""",Golisi Medo Q Pod Kit,"=""black""",Pods,,25%,15%,
CAT00608,"=""10631002""",,"=""4260705978547""",Golisi Medo Q Pod Kit,"=""dark-blue""",Pods,,25%,15%,
CAT00609,"=""10631003""",,"=""4260705978554""",Golisi Medo Q Pod Kit,"=""pink""",Pods,,25%,15%,
CAT00610,"=""10632001""",,"=""4260705978707""",3x Golisi Medo Q Pod Tank Verdampfer - Top Fill,"=""0.6""",Pods,,25%,15%,
CAT00611,"=""10632002""",,"=""4260705978714""",3x Golisi Medo Q Pod Tank Verdampfer - Top Fill,"=""0.8""",Pods,,25%,15%,
CAT00612,"=""801625""",,"=""4262481465235""",Vaporesso XROS 4 Nano Pod Kit,"=""graphite-black""",Pods,,25%,15%,
CAT00613,"=""801632""",,"=""4262481465273""",Vaporesso XROS 4 Nano Pod Kit,"=""camouflage""",Pods,,25%,15%,
CAT00614,"=""801627""",,"=""4262481465266""",Vaporesso XROS 4 Nano Pod Kit,"=""aquamarine""",Pods,,25%,15%,
CAT00615,"=""801626""",,"=""4262481465242""",Vaporesso XROS 4 Nano Pod Kit,"=""titanium-silver""",Pods,,25%,15%,
CAT00616,"=""801628""",,"=""4262481465259""",Vaporesso XROS 4 Nano Pod Kit,"=""race-track""",Pods,,25%,15%,
CAT00617,"=""801629""",,"=""4262481465297""",Vaporesso XROS 4 Nano Pod Kit,"=""word-pop-blue""",Pods,,25%,15%,
CAT00618,"=""801630""",,"=""4262481465303""",Vaporesso XROS 4 Nano Pod Kit,"=""word-pop-yellow""",Pods,,25%,15%,
CAT00619,"=""801631""",,"=""4262481465280""",Vaporesso XROS 4 Nano Pod Kit,"=""twilight-purple""",Pods,,25%,15%,
CAT00620,"=""801667""",,"=""4262481467598""",Vaporesso XROS 4 Nano Pod Kit,"=""kong""",Pods,,25%,15%,
CAT00621,"=""301392""",,"=""4262481467420""",Eleaf iVeni Pod Kit,"=""black""",Pods,,25%,15%,
CAT00622,"=""301393""",,"=""4262481467437""",Eleaf iVeni Pod Kit,"=""gunmetal-grey""",Pods,,25%,15%,
CAT00623,"=""301394""",,"=""4262481467444""",Eleaf iVeni Pod Kit,"=""green-blue-gradient""",Pods,,25%,15%,
CAT00624,"=""301398""",,"=""4262481467475""",Eleaf iVeni SE Pod Kit,"=""black""",Pods,,25%,15%,
CAT00625,"=""301399""",,"=""4262481467482""",Eleaf iVeni SE Pod Kit,"=""silver-black""",Pods,,25%,15%,
CAT00626,"=""302163""",,"=""4262481467536""",4x Eleaf iVeni Pod Tank Verdampfer,"=""0.4""",Pods,,25%,15%,
CAT00627,"=""302164""",,"=""4262481467543""",4x Eleaf iVeni Pod Tank Verdampfer,"=""0.6""",Pods,,25%,15%,
CAT00628,"=""302165""",,"=""4262481467550""",4x Eleaf iVeni Pod Tank Verdampfer,"=""0.8""",Pods,,25%,15%,
CAT00629,"=""302168""",,"=""4262481467567""",4x Eleaf iVeni Pod Tank Verdampfer,"=""1.2""",Pods,,25%,15%,
CAT00630,"=""8101282""",,"=""4262481465044""",OXBAR Oxpod Elite Pod Kit,"=""grey""",Pods,,25%,15%,
CAT00631,"=""8101289""",,"=""4262481465068""",OXBAR Oxpod Elite Pod Kit,"=""shadow-blue""",Pods,,25%,15%,
CAT00632,"=""8101283""",,"=""4262481465013""",OXBAR Oxpod Elite Pod Kit,"=""black-carbon""",Pods,,25%,15%,
CAT00633,"=""8101291""",,"=""4262481465105""",OXBAR Oxpod Elite Pod Kit,"=""meteor-shower""",Pods,,25%,15%,
CAT00634,"=""8101285""",,"=""4262481465020""",OXBAR Oxpod Elite Pod Kit,"=""matte-gunmetal""",Pods,,25%,15%,
CAT00635,"=""8101286""",,"=""4262481465037""",OXBAR Oxpod Elite Pod Kit,"=""gold-black""",Pods,,25%,15%,
CAT00636,"=""8101284""",,"=""4262481465075""",OXBAR Oxpod Elite Pod Kit,"=""shadow-green""",Pods,,25%,15%,
CAT00637,"=""8101288""",,"=""4262481465051""",OXBAR Oxpod Elite Pod Kit,"=""shadow-brown""",Pods,,25%,15%,
CAT00638,"=""8101311""",,"=""4262481467017""",OXVA NeXlim Pod Kit,"=""dark-grey""",Pods,,25%,15%,
CAT00639,"=""8101319""",,"=""4262481467031""",OXVA NeXlim Pod Kit,"=""dark-brown""",Pods,,25%,15%,
CAT00640,"=""8101316""",,"=""4262481467055""",OXVA NeXlim Pod Kit,"=""starry-blue""",Pods,,25%,15%,
CAT00641,"=""8101315""",,"=""4262481467024""",OXVA NeXlim Pod Kit,"=""dark-blue""",Pods,,25%,15%,
CAT00642,"=""8101322""",,"=""4262481466997""",OXVA NeXlim Pod Kit,"=""black-gold""",Pods,,25%,15%,
CAT00643,"=""8101321""",,"=""4262481467079""",OXVA NeXlim Pod Kit,"=""rose-gold""",Pods,,25%,15%,
CAT00644,"=""8101318""",,"=""4262481467093""",OXVA NeXlim Pod Kit,"=""coral-orange""",Pods,,25%,15%,
CAT00645,"=""8101317""",,"=""4262481467062""",OXVA NeXlim Pod Kit,"=""pine-green""",Pods,,25%,15%,
CAT00646,"=""8101313""",,"=""4262481466980""",OXVA NeXlim Pod Kit,"=""black-warrior""",Pods,,25%,15%,
CAT00647,"=""8101312""",,"=""4262481467000""",OXVA NeXlim Pod Kit,"=""power-black""",Pods,,25%,15%,
CAT00648,"=""8101314""",,"=""4262481467048""",OXVA NeXlim Pod Kit,"=""glory-red""",Pods,,25%,15%,
CAT00649,"=""8101320""",,"=""4262481467086""",OXVA NeXlim Pod Kit,"=""pearl-pink""",Pods,,25%,15%,
CAT00650,"=""8101559""",,"=""4262519675896""",OXVA NeXlim Pod Kit,"=""terrain-black""",Pods,,25%,15%,
CAT00651,"=""8101560""",,"=""4262519675902""",OXVA NeXlim Pod Kit,"=""traction-black""",Pods,,25%,15%,
CAT00652,"=""8101561""",,"=""4262519675919""",OXVA NeXlim Pod Kit,"=""chequered-gray""",Pods,,25%,15%,
CAT00653,"=""8101562""",,"=""4262519675926""",OXVA NeXlim Pod Kit,"=""traction-grey""",Pods,,25%,15%,
CAT00654,"=""8101563""",,"=""4262519675933""",OXVA NeXlim Pod Kit,"=""chequered-green""",Pods,,25%,15%,
CAT00655,"=""81015604""",,"=""4262519675940""",OXVA NeXlim Pod Kit,"=""chequered-pink""",Pods,,25%,15%,
CAT00656,"=""8102085""",,"=""4262481467109""",3x OXVA NeXlim Pod Tank Verdampfer,"=""0.6""",Pods,,25%,15%,
CAT00657,"=""8102086""",,"=""4262481467116""",3x OXVA NeXlim Pod Tank Verdampfer,"=""0.8""",Pods,,25%,15%,
CAT00658,"=""8102087""",,"=""4262481467123""",3x OXVA NeXlim Pod Tank Verdampfer,"=""1.2""",Pods,,25%,15%,
CAT00659,"=""8101295""",,"=""4262481465709""",OXVA VPRIME Pod Kit,"=""black-carbon""",Pods,,25%,15%,
CAT00660,"=""8101296""",,"=""4262481465716""",OXVA VPRIME Pod Kit,"=""black-leather""",Pods,,25%,15%,
CAT00661,"=""8101298""",,"=""4262481465730""",OXVA VPRIME Pod Kit,"=""blue-leather""",Pods,,25%,15%,
CAT00662,"=""8101297""",,"=""4262481465723""",OXVA VPRIME Pod Kit,"=""brown-leather""",Pods,,25%,15%,
CAT00663,"=""8101302""",,"=""4262481465778""",OXVA VPRIME Pod Kit,"=""pink""",Pods,,25%,15%,
CAT00664,"=""8101299""",,"=""4262481465747""",OXVA VPRIME Pod Kit,"=""natural-green""",Pods,,25%,15%,
CAT00665,"=""8101300""",,"=""4262481465754""",OXVA VPRIME Pod Kit,"=""auroral-purple""",Pods,,25%,15%,
CAT00666,"=""8101301""",,"=""4262481465761""",OXVA VPRIME Pod Kit,"=""glorious-gold""",Pods,,25%,15%,
CAT00667,"=""8102081""",,"=""4262481466812""",3x OXVA Xlim EZ Pod Tank Verdampfer,"=""1.2""",Pods,,25%,15%,
CAT00668,"=""8102084""",,"=""4262481466782""",3x OXVA Xlim EZ Pod Tank Verdampfer,"=""0.4""",Pods,,25%,15%,
CAT00669,"=""8102083""",,"=""4262481466799""",3x OXVA Xlim EZ Pod Tank Verdampfer,"=""0.6""",Pods,,25%,15%,
CAT00670,"=""8102082""",,"=""4262481466805""",3x OXVA Xlim EZ Pod Tank Verdampfer,"=""0.8""",Pods,,25%,15%,
CAT00671,"=""1202281""",,"=""4262481466706""",2x GeekVape J Pod Tank Verdampfer,"=""0.6""",Pods,,25%,15%,
CAT00672,"=""1202282""",,"=""4262481466713""",2x GeekVape J Pod Tank Verdampfer,"=""0.8""",Pods,,25%,15%,
CAT00673,"=""1202283""",,"=""4262481466720""",2x GeekVape J Pod Tank Verdampfer,"=""1.2""",Pods,,25%,15%,
CAT00674,"=""2402082""",,"=""4262445573518""",2x DotMod dotPod Nano V3.1 Pod Tank Verdampfer,"=""0.8""",Pods,,25%,15%,
CAT00675,"=""2402083""",,"=""4262445573501""",2x DotMod dotPod Nano V3.1 Pod Tank Verdampfer,"=""0.6""",Pods,,25%,15%,
CAT00676,"=""2402084""",,"=""4262445573525""",2x DotMod dotPod Nano V3.1 Pod Tank Verdampfer,"=""1.0""",Pods,,25%,15%,
CAT00677,"=""2401131""",,"=""4262481466836""",DotMod dotPod Lite Kit - PC Version,"=""silver""",Pods,,25%,15%,
CAT00678,"=""2401132""",,"=""4262481466843""",DotMod dotPod Lite Kit - PC Version,"=""light-grey""",Pods,,25%,15%,
CAT00679,"=""2401133""",,"=""4262481466850""",DotMod dotPod Lite Kit - PC Version,"=""pearl-white""",Pods,,25%,15%,
CAT00680,"=""2401136""",,"=""4262481466874""",DotMod dotPod Lite Kit - Metall Version,"=""brass""",Pods,,25%,15%,
CAT00681,"=""2401135""",,"=""4262481466881""",DotMod dotPod Lite Kit - Metall Version,"=""bronze""",Pods,,25%,15%,
CAT00682,"=""2401137""",,"=""4260769635622""",DotMod dotPod Max Kit - Green Limited Edition,"=""green""",Pods,,25%,15%,
CAT00683,"=""10662002""",,"=""5056059570822""",2x RIOT SQUAD Connex Pod - Blackberry Mojito Ice,"=""20mg""",Pods,,25%,15%,
CAT00684,"=""10662006""",,"=""5056059564005""",2x RIOT SQUAD Connex Pod - Grape Ice,"=""20mg""",Pods,,25%,15%,
CAT00685,"=""10662007""",,"=""5056059564012""",2x RIOT SQUAD Connex Pod - Guava Passionfruit & Pineapple,"=""20mg""",Pods,,25%,15%,
CAT00686,"=""10662009""",,"=""5056059564043""",2x RIOT SQUAD Connex Pod - Pineapple Ice,"=""20mg""",Pods,,25%,15%,
CAT00687,"=""10662011""",,"=""5056059570846""",2x RIOT SQUAD Connex Pod - Sicilian Lemon & Lime Fizz,"=""20mg""",Pods,,25%,15%,
CAT00688,"=""10662012""",,"=""5056059564067""",2x RIOT SQUAD Connex Pod - Strawberry Blueberry Ice,"=""20mg""",Pods,,25%,15%,
CAT00689,"=""10662013""",,"=""5056059570839""",2x RIOT SQUAD Connex Pod - Strawberry Raspberry Cherry Ice,"=""20mg""",Pods,,25%,15%,
CAT00690,"=""10662014""",,"=""5056059564074""",2x RIOT SQUAD Connex Pod - Triple Mint,"=""20mg""",Pods,,25%,15%,
CAT00691,"=""2501746""",,"=""4262481467697""",Voopoo Argus Z2 Pod Kit,"=""mint-blue""",Pods,,25%,15%,
CAT00692,"=""2501753""",,"=""4262481467758""",Voopoo Argus Z2 Pod Kit,"=""rose-pink""",Pods,,25%,15%,
CAT00693,"=""2501749""",,"=""4262481467710""",Voopoo Argus Z2 Pod Kit,"=""moss-green""",Pods,,25%,15%,
CAT00694,"=""2501748""",,"=""4262481467703""",Voopoo Argus Z2 Pod Kit,"=""lake-blue""",Pods,,25%,15%,
CAT00695,"=""2501750""",,"=""4262481467741""",Voopoo Argus Z2 Pod Kit,"=""lavender""",Pods,,25%,15%,
CAT00696,"=""2501747""",,"=""4262481467680""",Voopoo Argus Z2 Pod Kit,"=""silk-black""",Pods,,25%,15%,
CAT00697,"=""2501751""",,"=""4262481467734""",Voopoo Argus Z2 Pod Kit,"=""sunlight-orange""",Pods,,25%,15%,
CAT00698,"=""2501752""",,"=""4262481467727""",Voopoo Argus Z2 Pod Kit,"=""shell-white""",Pods,,25%,15%,
CAT00699,"=""2502098""",,"=""4262445579978""",2x Voopoo VMATE Pod Tank Verdampfer - Top Fill,"=""0.4""",Pods,,25%,15%,
CAT00700,"=""2502099""",,"=""4262445579985""",2x Voopoo VMATE Pod Tank Verdampfer - Top Fill,"=""0.7""",Pods,,25%,15%,
CAT00701,"=""2502107""",,"=""4262481468175""",2x Voopoo VMATE Pod Tank Verdampfer - Top Fill,"=""1.0""",Pods,,25%,15%,
CAT00702,"=""2502108""",,"=""4262481468335""",2x Voopoo Vinci PnP X Pod Tank - DTL - Ohne Coil,,Pods,,25%,15%,
CAT00703,"=""ELC101002""",,"=""4262481467932""",Elfbar 600 Einweg E-Zigarette - Apple Peach (VE = 10Stk),"=""0mg""",Einweg,,25%,15%,
CAT00704,"=""ELC101006""",,"=""4262481467949""",Elfbar 600 Einweg E-Zigarette - Blue Razz Lemonade (VE = 10Stk),"=""0mg""",Einweg,,25%,15%,
CAT00705,"=""ELC101008""",,"=""4262481467956""",Elfbar 600 Einweg E-Zigarette - Blueberry Sour Raspberry (VE = 10Stk),"=""0mg""",Einweg,,25%,15%,
CAT00706,"=""ELC101020""",,"=""4262481467963""",Elfbar 600 Einweg E-Zigarette - Grape (VE = 10Stk),"=""0mg""",Einweg,,25%,15%,
CAT00707,"=""ELC101022""",,"=""4262481468021""",Elfbar 600 Einweg E-Zigarette - Kiwi Passion Fruit Guava (VE = 10Stk),"=""0mg""",Einweg,,25%,15%,
CAT00708,"=""ELC101028""",,"=""4262481468038""",Elfbar 600 Einweg E-Zigarette - Menthol (VE = 10Stk),"=""0mg""",Einweg,,25%,15%,
CAT00709,"=""ELC101030""",,"=""4262481467970""",Elfbar 600 Einweg E-Zigarette - Peach Ice (VE = 10Stk),"=""0mg""",Einweg,,25%,15%,
CAT00710,"=""ELC101044""",,"=""4262481467987""",Elfbar 600 Einweg E-Zigarette - Strawberry Ice (VE = 10Stk),"=""0mg""",Einweg,,25%,15%,
CAT00711,"=""ELC4001002""",,"=""4262481468045""",Elfbar 600 Einweg E-Zigarette - Apple Peach (VE = 400Stk),"=""0mg""",Einweg,,25%,15%,
CAT00712,"=""ELC4001006""",,"=""4262481468052""",Elfbar 600 Einweg E-Zigarette - Blue Razz Lemonade (VE = 400Stk),"=""0mg""",Einweg,,25%,15%,
CAT00713,"=""ELC4001008""",,"=""4262481468069""",Elfbar 600 Einweg E-Zigarette - Blueberry Sour Raspberry (VE = 400Stk),"=""0mg""",Einweg,,25%,15%,
CAT00714,"=""ELC4001020""",,"=""4262481468076""",Elfbar 600 Einweg E-Zigarette - Grape (VE = 400Stk),"=""0mg""",Einweg,,25%,15%,
CAT00715,"=""ELC4001022""",,"=""4262481468137""",Elfbar 600 Einweg E-Zigarette - Kiwi Passion Fruit Guava (VE = 400Stk),"=""0mg""",Einweg,,25%,15%,
CAT00716,"=""ELC4001028""",,"=""4262481468144""",Elfbar 600 Einweg E-Zigarette - Menthol (VE = 400Stk),"=""0mg""",Einweg,,25%,15%,
CAT00717,"=""ELC4001030""",,"=""4262481468083""",Elfbar 600 Einweg E-Zigarette - Peach Ice (VE = 400Stk),"=""0mg""",Einweg,,25%,15%,
CAT00718,"=""ELC4001044""",,"=""4262481468090""",Elfbar 600 Einweg E-Zigarette - Strawberry Ice (VE = 400Stk),"=""0mg""",Einweg,,25%,15%,
CAT00719,"=""10641001""",,"=""6932570146892""",Elfbar Elfa Master Basisgerät,"=""black-knight""",ELFBAR,,25%,15%,
CAT00720,"=""10641004""",,"=""6932570131799""",Elfbar Elfa Master Basisgerät,"=""glacier-blue""",ELFBAR,,25%,15%,
CAT00721,"=""10641002""",,"=""6932570131775""",Elfbar Elfa Master Basisgerät,"=""dark-cosmo""",ELFBAR,,25%,15%,
CAT00722,"=""10641003""",,"=""6932570131805""",Elfbar Elfa Master Basisgerät,"=""lunar-silver""",ELFBAR,,25%,15%,
CAT00723,"=""10641005""",,"=""6932570131782""",Elfbar Elfa Master Basisgerät,"=""dusty-pink""",ELFBAR,,25%,15%,
CAT00724,"=""EMA101001""",,"=""6932570146908""",Elfbar Elfa Master Basisgerät (VE = 10Stk),"=""black-knight""",ELFBAR,,25%,15%,
CAT00725,"=""EMA101002""",,"=""6932570131812""",Elfbar Elfa Master Basisgerät (VE = 10Stk),"=""dark-cosmo""",ELFBAR,,25%,15%,
CAT00726,"=""EMA101003""",,"=""6932570131843""",Elfbar Elfa Master Basisgerät (VE = 10Stk),"=""lunar-silver""",ELFBAR,,25%,15%,
CAT00727,"=""EMA101004""",,"=""6932570131836""",Elfbar Elfa Master Basisgerät (VE = 10Stk),"=""glacier-blue""",ELFBAR,,25%,15%,
CAT00728,"=""EMA101005""",,"=""6932570131829""",Elfbar Elfa Master Basisgerät (VE = 10Stk),"=""dusty-pink""",ELFBAR,,25%,15%,
CAT00729,"=""EMA4001001""",,"=""4262481467802""",Elfbar Elfa Master Basisgerät (VE = 200Stk),"=""black-knight""",ELFBAR,,25%,15%,
CAT00730,"=""EMA4001002""",,"=""4262481467765""",Elfbar Elfa Master Basisgerät (VE = 200Stk),"=""dark-cosmo""",ELFBAR,,25%,15%,
CAT00731,"=""EMA4001003""",,"=""4262481467796""",Elfbar Elfa Master Basisgerät (VE = 200Stk),"=""lunar-silver""",ELFBAR,,25%,15%,
CAT00732,"=""EMA4001004""",,"=""4262481467789""",Elfbar Elfa Master Basisgerät (VE = 200Stk),"=""glacier-blue""",ELFBAR,,25%,15%,
CAT00733,"=""EMA4001005""",,"=""4262481467772""",Elfbar Elfa Master Basisgerät (VE = 200Stk),"=""dusty-pink""",ELFBAR,,25%,15%,
CAT00734,"=""301426""",,"=""4262481460452""",Eleaf iCita SE Pod Kit,"=""carbon-fiber-black""",Pods,,25%,15%,
CAT00735,"=""301430""",,"=""4262519670037""",Eleaf iCita SE Pod Kit,"=""green""",Pods,,25%,15%,
CAT00736,"=""301431""",,"=""4262519670044""",Eleaf iCita SE Pod Kit,"=""gradient-green-purple""",Pods,,25%,15%,
CAT00737,"=""8102078""",,"=""4262481465785""",2x OXVA VPRIME Pod Tank Verdampfer,"=""0.2""",Pods,,25%,15%,
CAT00738,"=""8102079""",,"=""4262481465792""",2x OXVA VPRIME Pod Tank Verdampfer,"=""0.4""",Pods,,25%,15%,
CAT00739,"=""8102080""",,"=""4262481465808""",2x OXVA VPRIME Pod Tank Verdampfer,"=""0.6""",Pods,,25%,15%,
CAT00740,"=""8102088""",,"=""4262519670327""",2x OXVA VPRIME Pod Tank Verdampfer,"=""0.8""",Pods,,25%,15%,
CAT00741,"=""2502110""",,"=""4262519670297""",3x Voopoo Argus Pod  V2 Tank Verdampfer 3ml - Top Fill,"=""0.4""",Pods,,25%,15%,
CAT00742,"=""2502111""",,"=""4262519670303""",3x Voopoo Argus Pod  V2 Tank Verdampfer 3ml - Top Fill,"=""0.7""",Pods,,25%,15%,
CAT00743,"=""2502112""",,"=""4262519670310""",3x Voopoo Argus Pod  V2 Tank Verdampfer 3ml - Top Fill,"=""1.0""",Pods,,25%,15%,
CAT00744,"=""1201672""",,"=""4262481468885""",Geekvape S30 Pro Pod Kit,"=""blush-pink""",Pods,,25%,15%,
CAT00745,"=""1201669""",,"=""4262481468854""",Geekvape S30 Pro Pod Kit,"=""olive-green""",Pods,,25%,15%,
CAT00746,"=""1201670""",,"=""4262481468861""",Geekvape S30 Pro Pod Kit,"=""pearl-white""",Pods,,25%,15%,
CAT00747,"=""1201666""",,"=""4262481468762""",Geekvape S30 Pro Pod Kit,"=""urban-gray""",Pods,,25%,15%,
CAT00748,"=""1201667""",,"=""4262481468830""",Geekvape S30 Pro Pod Kit,"=""harbor-blue""",Pods,,25%,15%,
CAT00749,"=""1201668""",,"=""4262481468847""",Geekvape S30 Pro Pod Kit,"=""sands-beige""",Pods,,25%,15%,
CAT00750,"=""1201671""",,"=""4262481468878""",Geekvape S30 Pro Pod Kit,"=""mist-purple""",Pods,,25%,15%,
CAT00751,"=""1202295""",,"=""4262481468915""",2x GeekVape S30 Pod Tank Verdampfer - Boost Version,"=""1.0""",Pods,,25%,15%,
CAT00752,"=""ELFL10069""",,"=""4895261117033""",ELFBAR ELFLIQ Blackberry Ice Nikotinsalz Liquid 10 ml,"=""20mg""",ELFBAR,,25%,15%,
CAT00753,"=""ELFL10070""",,"=""4895261116937""",ELFBAR ELFLIQ Blackberry Ice Nikotinsalz Liquid 10 ml,"=""10mg""",ELFBAR,,25%,15%,
CAT00754,"=""ELFL10071""",,"=""4895261117040""",ELFBAR ELFLIQ Lemon Peach Passion Fruit Nikotinsalz Liquid 10 ml,"=""20mg""",ELFBAR,,25%,15%,
CAT00755,"=""ELFL10073""",,"=""4895261117057""",ELFBAR ELFLIQ Menthol Nikotinsalz Liquid 10 ml,"=""20mg""",ELFBAR,,25%,15%,
CAT00756,"=""ELFL10074""",,"=""4895261116951""",ELFBAR ELFLIQ Menthol Nikotinsalz Liquid 10 ml,"=""10mg""",ELFBAR,,25%,15%,
CAT00757,"=""ELFL10075""",,"=""4895261117064""",ELFBAR ELFLIQ Mix Berries Nikotinsalz Liquid 10 ml,"=""20mg""",ELFBAR,,25%,15%,
CAT00758,"=""ELFL10076""",,"=""4895261116968""",ELFBAR ELFLIQ Mix Berries Nikotinsalz Liquid 10 ml,"=""10mg""",ELFBAR,,25%,15%,
CAT00759,"=""ELFL10077""",,"=""4895261117071""",ELFBAR ELFLIQ Tropical Fruit Nikotinsalz Liquid 10 ml,"=""20mg""",ELFBAR,,25%,15%,
CAT00760,"=""ELFL10078""",,"=""4895261116975""",ELFBAR ELFLIQ Tropical Fruit Nikotinsalz Liquid 10 ml,"=""10mg""",ELFBAR,,25%,15%,
CAT00761,"=""EFL101107""",,"=""4895261117088""",ELFBAR ELFLIQ Blackberry Ice Nikotinsalz Liquid 10 ml (VE = 10Stk),"=""20mg""",ELFBAR,,25%,15%,
CAT00762,"=""EFL101108""",,"=""4895261116982""",ELFBAR ELFLIQ Blackberry Ice Nikotinsalz Liquid 10 ml (VE = 10Stk),"=""10mg""",ELFBAR,,25%,15%,
CAT00763,"=""EFL101110""",,"=""4895261116999""",ELFBAR ELFLIQ Lemon Peach Passion Fruit Nikotinsalz Liquid 10 ml (VE = 10Stk),"=""10mg""",ELFBAR,,25%,15%,
CAT00764,"=""EFL101111""",,"=""4895261117101""",ELFBAR ELFLIQ Menthol Nikotinsalz Liquid 10 ml (VE = 10Stk),"=""20mg""",ELFBAR,,25%,15%,
CAT00765,"=""EFL101112""",,"=""4895261117002""",ELFBAR ELFLIQ Menthol Nikotinsalz Liquid 10 ml (VE = 10Stk),"=""10mg""",ELFBAR,,25%,15%,
CAT00766,"=""EFL101113""",,"=""4895261117118""",ELFBAR ELFLIQ Mix Berries Nikotinsalz Liquid 10 ml (VE = 10Stk),"=""20mg""",ELFBAR,,25%,15%,
CAT00767,"=""EFL101114""",,"=""4895261117019""",ELFBAR ELFLIQ Mix Berries Nikotinsalz Liquid 10 ml (VE = 10Stk),"=""10mg""",ELFBAR,,25%,15%,
CAT00768,"=""EFL101115""",,"=""4895261117125""",ELFBAR ELFLIQ Tropical Fruit Nikotinsalz Liquid 10 ml (VE = 10Stk),"=""20mg""",ELFBAR,,25%,15%,
CAT00769,"=""EFL101116""",,"=""4895261117026""",ELFBAR ELFLIQ Tropical Fruit Nikotinsalz Liquid 10 ml (VE = 10Stk),"=""10mg""",ELFBAR,,25%,15%,
CAT00770,"=""EFL2001119""",,"=""4262481469004""",ELFBAR ELFLIQ Blackberry Ice Nikotinsalz Liquid 10 ml (VE = 200Stk),"=""20mg""",ELFBAR,,25%,15%,
CAT00771,"=""EFL2001120""",,"=""4262481469295""",ELFBAR ELFLIQ Blackberry Ice Nikotinsalz Liquid 10 ml (VE = 200Stk),"=""10mg""",ELFBAR,,25%,15%,
CAT00772,"=""EFL2001123""",,"=""4262481469134""",ELFBAR ELFLIQ Menthol Nikotinsalz Liquid 10 ml (VE = 200Stk),"=""20mg""",ELFBAR,,25%,15%,
CAT00773,"=""EFL2001124""",,"=""4262481469424""",ELFBAR ELFLIQ Menthol Nikotinsalz Liquid 10 ml (VE = 200Stk),"=""10mg""",ELFBAR,,25%,15%,
CAT00774,"=""EFL2001125""",,"=""4262481469141""",ELFBAR ELFLIQ Mix Berries Nikotinsalz Liquid 10 ml (VE = 200Stk),"=""20mg""",ELFBAR,,25%,15%,
CAT00775,"=""EFL2001126""",,"=""4262481469431""",ELFBAR ELFLIQ Mix Berries Nikotinsalz Liquid 10 ml (VE = 200Stk),"=""10mg""",ELFBAR,,25%,15%,
CAT00776,"=""EFL2001127""",,"=""4262481469264""",ELFBAR ELFLIQ Tropical Fruit Nikotinsalz Liquid 10 ml (VE = 200Stk),"=""20mg""",ELFBAR,,25%,15%,
CAT00777,"=""EFL2001128""",,"=""4262481469554""",ELFBAR ELFLIQ Tropical Fruit Nikotinsalz Liquid 10 ml (VE = 200Stk),"=""10mg""",ELFBAR,,25%,15%,
CAT00778,"=""10222101""",,"=""6932570160164""",2x Elfbar ELFA Pod - Blackberry Lemon,"=""20mg""",Pods,,25%,15%,
CAT00779,"=""10222103""",,"=""6932570160140""",2x Elfbar ELFA Pod - Grape Ice,"=""20mg""",Pods,,25%,15%,
CAT00780,"=""10222105""",,"=""6932570160133""",2x Elfbar ELFA Pod - Menthol,"=""20mg""",Pods,,25%,15%,
CAT00781,"=""10222109""",,"=""6932570160171""",2x Elfbar ELFA Pod - Golden Tobacco,"=""20mg""",Pods,,25%,15%,
CAT00782,"=""EFA101101""",,"=""6932570160218""",2x Elfbar ELFA Pod - Blackberry Lemon (VE = 10Stk),"=""20mg""",Pods,,25%,15%,
CAT00783,"=""EFA101103""",,"=""6932570160195""",2x Elfbar ELFA Pod - Grape Ice (VE = 10Stk),"=""20mg""",Pods,,25%,15%,
CAT00784,"=""EFA101105""",,"=""6932570160188""",2x Elfbar ELFA Pod - Menthol (VE = 10Stk),"=""20mg""",Pods,,25%,15%,
CAT00785,"=""EFA101107""",,"=""6932570160201""",2x Elfbar ELFA Pod - Strawberry Ice (VE = 10Stk),"=""20mg""",Pods,,25%,15%,
CAT00786,"=""EFA101109""",,"=""6932570160225""",2x Elfbar ELFA Pod - Golden Tobacco (VE = 10Stk),"=""20mg""",Pods,,25%,15%,
CAT00787,"=""EFA4001157""",,"=""4262481469615""",2x Elfbar ELFA Pod - Blackberry Lemon (VE = 400Stk),"=""20mg""",Pods,,25%,15%,
CAT00788,"=""EFA4001159""",,"=""4262481469714""",2x Elfbar ELFA Pod - Grape Ice (VE = 400Stk),"=""20mg""",Pods,,25%,15%,
CAT00789,"=""EFA4001161""",,"=""4262481469752""",2x Elfbar ELFA Pod - Menthol (VE = 400Stk),"=""20mg""",Pods,,25%,15%,
CAT00790,"=""EFA4001163""",,"=""4262481469868""",2x Elfbar ELFA Pod - Strawberry Ice (VE = 400Stk),"=""20mg""",Pods,,25%,15%,
CAT00791,"=""10222107""",,"=""6932570160157""",2x Elfbar ELFA Pod - Strawberry Ice,"=""20mg""",Pods,,25%,15%,
CAT00792,"=""801675""",,"=""4262519670853""",Vaporesso Vibe Pod Kit,"=""silver""",Pods,,25%,15%,
CAT00793,"=""801680""",,"=""4262519670891""",Vaporesso Vibe Pod Kit,"=""fresh-green""",Pods,,25%,15%,
CAT00794,"=""801682""",,"=""4262519670914""",Vaporesso Vibe Pod Kit,"=""cherry-pink""",Pods,,25%,15%,
CAT00795,"=""801676""",,"=""4262519670846""",Vaporesso Vibe Pod Kit,"=""black""",Pods,,25%,15%,
CAT00796,"=""801677""",,"=""4262519670860""",Vaporesso Vibe Pod Kit,"=""sky-blue""",Pods,,25%,15%,
CAT00797,"=""801679""",,"=""4262519670884""",Vaporesso Vibe Pod Kit,"=""racing-red""",Pods,,25%,15%,
CAT00798,"=""801681""",,"=""4262519670907""",Vaporesso Vibe Pod Kit,"=""berry-purple""",Pods,,25%,15%,
CAT00799,"=""801685""",,"=""4262519670983""",Vaporesso Vibe SE Pod Kit,"=""white""",Pods,,25%,15%,
CAT00800,"=""801691""",,"=""4262519670990""",Vaporesso Vibe SE Pod Kit,"=""grape-purple""",Pods,,25%,15%,
CAT00801,"=""801686""",,"=""4262519670921""",Vaporesso Vibe SE Pod Kit,"=""black""",Pods,,25%,15%,
CAT00802,"=""801687""",,"=""4262519670938""",Vaporesso Vibe SE Pod Kit,"=""blue""",Pods,,25%,15%,
CAT00803,"=""801692""",,"=""4262519670945""",Vaporesso Vibe SE Pod Kit,"=""ice-blueberry""",Pods,,25%,15%,
CAT00804,"=""801688""",,"=""4262519670952""",Vaporesso Vibe SE Pod Kit,"=""frozen-mint""",Pods,,25%,15%,
CAT00805,"=""801689""",,"=""4262519670969""",Vaporesso Vibe SE Pod Kit,"=""strawberry-red""",Pods,,25%,15%,
CAT00806,"=""801690""",,"=""4262519670976""",Vaporesso Vibe SE Pod Kit,"=""grapefruit-soda""",Pods,,25%,15%,
CAT00807,"=""801693""",,"=""4262519671003""",Vaporesso Vibe SE Pod Kit,"=""mocha-coffee""",Pods,,25%,15%,
CAT00808,"=""801694""",,"=""4262519671010""",Vaporesso Vibe SE Pod Kit,"=""ice-cream-pink""",Pods,,25%,15%,
CAT00809,"=""802133""",,"=""4262519671027""",2x Vaporesso Vibe Dual Mesh Smart Pod Tank Verdampfer,"=""0.6 / 0.8""",Pods,,25%,15%,
CAT00810,"=""802134""",,"=""4262519671034""",2x Vaporesso Vibe Dual Mesh Smart Pod Tank Verdampfer,"=""0.7 / 1.0""",Pods,,25%,15%,
CAT00811,"=""10541001""",,"=""6937080511888""",Elfbar Elfa Turbo Refillable Pod Kit,"=""aurora-purple""",Pods,,25%,15%,
CAT00812,"=""10541002""",,"=""6937080511864""",Elfbar Elfa Turbo Refillable Pod Kit,"=""aurora-black""",Pods,,25%,15%,
CAT00813,"=""10541003""",,"=""6937080511871""",Elfbar Elfa Turbo Refillable Pod Kit,"=""aurora-gold""",Pods,,25%,15%,
CAT00814,"=""10541004""",,"=""6937080511895""",Elfbar Elfa Turbo Refillable Pod Kit,"=""aurora-cyan""",Pods,,25%,15%,
CAT00815,"=""10541005""",,"=""6932570167057""",Elfbar Elfa Turbo Refillable Pod Kit,"=""black-knight""",Pods,,25%,15%,
CAT00816,"=""TUR101001""",,"=""6937080511901""",Elfbar Elfa Turbo Refillable Pod Kit (VE = 10Stk),"=""aurora-black""",Pods,,25%,15%,
CAT00817,"=""TUR101002""",,"=""6937080511918""",Elfbar Elfa Turbo Refillable Pod Kit (VE = 10Stk),"=""aurora-gold""",Pods,,25%,15%,
CAT00818,"=""TUR101003""",,"=""6937080511925""",Elfbar Elfa Turbo Refillable Pod Kit (VE = 10Stk),"=""aurora-purple""",Pods,,25%,15%,
CAT00819,"=""TUR101004""",,"=""6937080511932""",Elfbar Elfa Turbo Refillable Pod Kit (VE = 10Stk),"=""aurora-cyan""",Pods,,25%,15%,
CAT00820,"=""TUR101005""",,"=""6932570167064""",Elfbar Elfa Turbo Refillable Pod Kit (VE = 10Stk),"=""black-knight""",Pods,,25%,15%,
CAT00821,"=""TUR201001""",,"=""4262481460261""",Elfbar Elfa Turbo Refillable Pod Kit (VE = 100Stk),"=""aurora-black""",Pods,,25%,15%,
CAT00822,"=""TUR201002""",,"=""4262481460292""",Elfbar Elfa Turbo Refillable Pod Kit (VE = 100Stk),"=""aurora-gold""",Pods,,25%,15%,
CAT00823,"=""TUR201003""",,"=""4262481460285""",Elfbar Elfa Turbo Refillable Pod Kit (VE = 100Stk),"=""aurora-purple""",Pods,,25%,15%,
CAT00824,"=""TUR201004""",,"=""4262481460278""",Elfbar Elfa Turbo Refillable Pod Kit (VE = 100Stk),"=""aurora-cyan""",Pods,,25%,15%,
CAT00825,"=""TUR201005""",,"=""4262519670761""",Elfbar Elfa Turbo Refillable Pod Kit (VE = 100Stk),"=""black-knight""",Pods,,25%,15%,
CAT00826,"=""10651001""",,"=""6932570161376""",Elfbar ELFX Pro Refillable Kit,"=""black""",ELFBAR,,25%,15%,
CAT00827,"=""10651002""",,"=""6932570161383""",Elfbar ELFX Pro Refillable Kit,"=""white""",ELFBAR,,25%,15%,
CAT00828,"=""10651004""",,"=""6932570161406""",Elfbar ELFX Pro Refillable Kit,"=""forest""",ELFBAR,,25%,15%,
CAT00829,"=""10651003""",,"=""6932570161390""",Elfbar ELFX Pro Refillable Kit,"=""pink""",ELFBAR,,25%,15%,
CAT00830,"=""10651005""",,"=""6932570161413""",Elfbar ELFX Pro Refillable Kit,"=""cowboy-brown""",ELFBAR,,25%,15%,
CAT00831,"=""EXP100101""",,"=""4262519670341""",Elfbar ELFX Pro Refillable Kit (VE = 100Stk),"=""black""",ELFBAR,,25%,15%,
CAT00832,"=""EXP100102""",,"=""4262519670358""",Elfbar ELFX Pro Refillable Kit (VE = 100Stk),"=""white""",ELFBAR,,25%,15%,
CAT00833,"=""EXP100103""",,"=""4262519670365""",Elfbar ELFX Pro Refillable Kit (VE = 100Stk),"=""pink""",ELFBAR,,25%,15%,
CAT00834,"=""EXP100104""",,"=""4262519670372""",Elfbar ELFX Pro Refillable Kit (VE = 100Stk),"=""forest""",ELFBAR,,25%,15%,
CAT00835,"=""EXP100105""",,"=""4262519670389""",Elfbar ELFX Pro Refillable Kit (VE = 100Stk),"=""cowboy-brown""",ELFBAR,,25%,15%,
CAT00836,"=""2401146""",,"=""4262519671089""",DotMod dotPod Plus Kit,"=""dark-grey""",Pods,,25%,15%,
CAT00837,"=""2401148""",,"=""4262519671096""",DotMod dotPod Plus Kit,"=""green""",Pods,,25%,15%,
CAT00838,"=""2401149""",,"=""4262519671102""",DotMod dotPod Plus Kit,"=""purple""",Pods,,25%,15%,
CAT00839,"=""2401150""",,"=""4262519671119""",DotMod dotPod Plus Kit,"=""pearl-white""",Pods,,25%,15%,
CAT00840,"=""2401147""",,"=""4262519671126""",DotMod dotPod Plus Kit,"=""gold-grey""",Pods,,25%,15%,
CAT00841,"=""1601436""",,"=""4262519671287""",Uwell Caliburn G4 Pod Kit,"=""gunmetal-grey""",Pods,,25%,15%,
CAT00842,"=""1601440""",,"=""4262519671300""",Uwell Caliburn G4 Pod Kit,"=""glacier-blue""",Pods,,25%,15%,
CAT00843,"=""1601442""",,"=""4262519671324""",Uwell Caliburn G4 Pod Kit,"=""seashell-white""",Pods,,25%,15%,
CAT00844,"=""1601437""",,"=""4262519671263""",Uwell Caliburn G4 Pod Kit,"=""polar-black""",Pods,,25%,15%,
CAT00845,"=""1601438""",,"=""4262519671270""",Uwell Caliburn G4 Pod Kit,"=""twilight-silver""",Pods,,25%,15%,
CAT00846,"=""1601439""",,"=""4262519671294""",Uwell Caliburn G4 Pod Kit,"=""karst-grey""",Pods,,25%,15%,
CAT00847,"=""1601441""",,"=""4262519671317""",Uwell Caliburn G4 Pod Kit,"=""flamingo-red""",Pods,,25%,15%,
CAT00848,"=""1601443""",,"=""4262519671331""",Uwell Caliburn G4 Pod Kit,"=""sahara-gold""",Pods,,25%,15%,
CAT00849,"=""1601444""",,"=""4262519671348""",Uwell Caliburn G4 Mini Pod Kit,"=""night-black""",Pods,,25%,15%,
CAT00850,"=""1601450""",,"=""4262519671409""",Uwell Caliburn G4 Mini Pod Kit,"=""champ-gold""",Pods,,25%,15%,
CAT00851,"=""1601445""",,"=""4262519671355""",Uwell Caliburn G4 Mini Pod Kit,"=""dusty-indigo""",Pods,,25%,15%,
CAT00852,"=""1601446""",,"=""4262519671362""",Uwell Caliburn G4 Mini Pod Kit,"=""paddy-green""",Pods,,25%,15%,
CAT00853,"=""1601447""",,"=""4262519671379""",Uwell Caliburn G4 Mini Pod Kit,"=""peafowl-emerald""",Pods,,25%,15%,
CAT00854,"=""1601448""",,"=""4262519671386""",Uwell Caliburn G4 Mini Pod Kit,"=""phoenix-purple""",Pods,,25%,15%,
CAT00855,"=""1601449""",,"=""4262519671393""",Uwell Caliburn G4 Mini Pod Kit,"=""coast-gold""",Pods,,25%,15%,
CAT00856,"=""1602145""",,"=""4262519671416""",3x Uwell Caliburn G4 GPP V2 Pod Tank Verdampfer - 3 ml,"=""0.4""",Pods,,25%,15%,
CAT00857,"=""1602146""",,"=""4262519671423""",3x Uwell Caliburn G4 GPP V2 Pod Tank Verdampfer - 3 ml,"=""0.6""",Pods,,25%,15%,
CAT00858,"=""1602147""",,"=""4262519671430""",3x Uwell Caliburn G4 GPP V2 Pod Tank Verdampfer - 3 ml,"=""0.9""",Pods,,25%,15%,
CAT00859,"=""EL810103""",,"=""6932570103628""",Elfbar 800 Einweg E-Zigarette - Blueberry Sour Raspberry (VE = 10Stk),"=""20mg""",Einweg,,25%,15%,
CAT00860,"=""EL810106""",,"=""6932570103659""",Elfbar 800 Einweg E-Zigarette - Kiwi Passion Fruit Guava (VE = 10Stk),"=""20mg""",Einweg,,25%,15%,
CAT00861,"=""EL810107""",,"=""6932570166234""",Elfbar 800 Einweg E-Zigarette - Lemon Lime (VE = 10Stk),"=""20mg""",Einweg,,25%,15%,
CAT00862,"=""EL810108""",,"=""6932570103673""",Elfbar 800 Einweg E-Zigarette - Mad Blue (VE = 10Stk),"=""20mg""",Einweg,,25%,15%,
CAT00863,"=""EL810110""",,"=""6932570103697""",Elfbar 800 Einweg E-Zigarette - Pineapple Ice (VE = 10Stk),"=""20mg""",Einweg,,25%,15%,
CAT00864,"=""EL810112""",,"=""6932570103710""",Elfbar 800 Einweg E-Zigarette - Strawberry Ice (VE = 10Stk),"=""20mg""",Einweg,,25%,15%,
CAT00865,"=""EL810113""",,"=""6932570103727""",Elfbar 800 Einweg E-Zigarette - Strawberry Raspberry Cherry Ice (VE = 10Stk),"=""20mg""",Einweg,,25%,15%,
CAT00866,"=""EL84001003""",,"=""4262481460490""",Elfbar 800 Einweg E-Zigarette - Blueberry Sour Raspberry (VE = 400Stk),"=""20mg""",Einweg,,25%,15%,
CAT00867,"=""EL84001006""",,"=""4262481460520""",Elfbar 800 Einweg E-Zigarette - Kiwi Passion Fruit Guava (VE = 400Stk),"=""20mg""",Einweg,,25%,15%,
CAT00868,"=""EL84001007""",,"=""4262481460537""",Elfbar 800 Einweg E-Zigarette - Lemon Lime (VE = 400Stk),"=""20mg""",Einweg,,25%,15%,
CAT00869,"=""EL84001008""",,"=""4262481460544""",Elfbar 800 Einweg E-Zigarette - Mad Blue (VE = 400Stk),"=""20mg""",Einweg,,25%,15%,
CAT00870,"=""EL84001010""",,"=""4262481460568""",Elfbar 800 Einweg E-Zigarette - Pineapple Ice (VE = 400Stk),"=""20mg""",Einweg,,25%,15%,
CAT00871,"=""EL84001012""",,"=""4262481460582""",Elfbar 800 Einweg E-Zigarette - Strawberry Ice (VE = 400Stk),"=""20mg""",Einweg,,25%,15%,
CAT00872,"=""EL84001013""",,"=""4262481460599""",Elfbar 800 Einweg E-Zigarette - Strawberry Raspberry Cherry Ice (VE = 400Stk),"=""20mg""",Einweg,,25%,15%,
CAT00873,"=""EL810117""",,"=""6932570161314""",Elfbar 800 Einweg E-Zigarette - Cactus Ice (VE = 10Stk),"=""20mg""",Einweg,,25%,15%,
CAT00874,"=""EL810118""",,"=""6932570161321""",Elfbar 800 Einweg E-Zigarette - Coconut Blueberry (VE = 10Stk),"=""20mg""",Einweg,,25%,15%,
CAT00875,"=""EL810119""",,"=""6932570161338""",Elfbar 800 Einweg E-Zigarette - Dragon Fruit Strawberry (VE = 10Stk),"=""20mg""",Einweg,,25%,15%,
CAT00876,"=""EL810123""",,"=""6932570161369""",Elfbar 800 Einweg E-Zigarette - Strawberry Apricot (VE = 10Stk),"=""20mg""",Einweg,,25%,15%,
CAT00877,"=""EL84001017""",,"=""4262481468571""",Elfbar 800 Einweg E-Zigarette - Cactus Ice (VE = 400Stk),"=""20mg""",Einweg,,25%,15%,
CAT00878,"=""EL84001018""",,"=""4262481468588""",Elfbar 800 Einweg E-Zigarette - Coconut Blueberry (VE = 400Stk),"=""20mg""",Einweg,,25%,15%,
CAT00879,"=""EL84001019""",,"=""4262481468595""",Elfbar 800 Einweg E-Zigarette - Dragon Fruit Strawberry (VE = 400Stk),"=""20mg""",Einweg,,25%,15%,
CAT00880,"=""EL84001023""",,"=""4262481468632""",Elfbar 800 Einweg E-Zigarette - Strawberry Apricot (VE = 400Stk),"=""20mg""",Einweg,,25%,15%,
CAT00881,"=""802135""",,"=""4262519671645""",2x Vaporesso Luxe XR MTL Pod Tank Verdampfer - Ohne Coil (Neue Version),,Pods,,25%,15%,
CAT00882,"=""802136""",,"=""4262519671652""",2x Vaporesso Luxe XR DL Pod Tank Verdampfer - Ohne Coil (Neue Version),,Pods,,25%,15%,
CAT00883,"=""7705108""",,"=""4262445576465""",Ambition Mods Boro 2.0 - Empty Pod,"=""white""",Pods,,25%,15%,
CAT00884,"=""801722""",,"=""4262519671928""",Vaporesso XROS 5 Pod Kit,"=""coral-red""",Pods,,25%,15%,
CAT00885,"=""801727""",,"=""4262519671935""",Vaporesso XROS 5 Pod Kit,"=""jade-green""",Pods,,25%,15%,
CAT00886,"=""801723""",,"=""4262519671911""",Vaporesso XROS 5 Pod Kit,"=""blue-silk""",Pods,,25%,15%,
CAT00887,"=""801728""",,"=""4262519671942""",Vaporesso XROS 5 Pod Kit,"=""lavender-purple""",Pods,,25%,15%,
CAT00888,"=""801724""",,"=""4262519671898""",Vaporesso XROS 5 Pod Kit,"=""carbon-stripe""",Pods,,25%,15%,
CAT00889,"=""801729""",,"=""4262519671973""",Vaporesso XROS 5 Pod Kit,"=""opal-pink""",Pods,,25%,15%,
CAT00890,"=""801731""",,"=""4262519671959""",Vaporesso XROS 5 Pod Kit,"=""violet-silk""",Pods,,25%,15%,
CAT00891,"=""801732""",,"=""4262519672000""",Vaporesso XROS 5 Mini Pod Kit,"=""titanium-silver""",Pods,,25%,15%,
CAT00892,"=""801733""",,"=""4262519671997""",Vaporesso XROS 5 Mini Pod Kit,"=""carbon-black""",Pods,,25%,15%,
CAT00893,"=""801740""",,"=""4262519672024""",Vaporesso XROS 5 Mini Pod Kit,"=""sky-blue""",Pods,,25%,15%,
CAT00894,"=""801738""",,"=""4262519672031""",Vaporesso XROS 5 Mini Pod Kit,"=""purple""",Pods,,25%,15%,
CAT00895,"=""801739""",,"=""4262519672062""",Vaporesso XROS 5 Mini Pod Kit,"=""rose-red""",Pods,,25%,15%,
CAT00896,"=""801734""",,"=""4262519672017""",Vaporesso XROS 5 Mini Pod Kit,"=""flowing-blue""",Pods,,25%,15%,
CAT00897,"=""801735""",,"=""4262519672048""",Vaporesso XROS 5 Mini Pod Kit,"=""flowing-green""",Pods,,25%,15%,
CAT00898,"=""801736""",,"=""4262519672079""",Vaporesso XROS 5 Mini Pod Kit,"=""flowing-pink""",Pods,,25%,15%,
CAT00899,"=""801737""",,"=""4262519672055""",Vaporesso XROS 5 Mini Pod Kit,"=""pastel-crystal""",Pods,,25%,15%,
CAT00900,"=""801741""",,"=""4262519671980""",Vaporesso XROS 5 Mini Pod Kit,"=""black""",Pods,,25%,15%,
CAT00901,"=""8101409""",,"=""4262519672215""",OXVA Xlim Pro 2 DNA Pod Kit,"=""Luminous Forged Carbon Fiber""",Pods,,25%,15%,
CAT00902,"=""8101410""",,"=""4262519672222""",OXVA Xlim Pro 2 DNA Pod Kit,"=""Nebula Gray""",Pods,,25%,15%,
CAT00903,"=""8101411""",,"=""4262519672239""",OXVA Xlim Pro 2 DNA Pod Kit,"=""Frost Titanium Blue""",Pods,,25%,15%,
CAT00904,"=""8101412""",,"=""4262519672246""",OXVA Xlim Pro 2 DNA Pod Kit,"=""Silk Brown""",Pods,,25%,15%,
CAT00905,"=""8101413""",,"=""4262519672253""",OXVA Xlim Pro 2 DNA Pod Kit,"=""Silk White""",Pods,,25%,15%,
CAT00906,"=""8102089""",,"=""4262519672260""",3x OXVA Xlim Top Fill SS Pod Tank Verdampfer,"=""0.4""",Pods,,25%,15%,
CAT00907,"=""8102090""",,"=""4262519672277""",3x OXVA Xlim Top Fill SS Pod Tank Verdampfer,"=""0.6""",Pods,,25%,15%,
CAT00908,"=""8102091""",,"=""4262519672284""",3x OXVA Xlim Top Fill SS Pod Tank Verdampfer,"=""0.8""",Pods,,25%,15%,
CAT00909,"=""8102092""",,"=""4262519672291""",3x OXVA Xlim Top Fill SS Pod Tank Verdampfer,"=""1.2""",Pods,,25%,15%,
CAT00910,"=""2501785""",,"=""4262519672314""",Voopoo Argus Klyc Pod Kit,"=""Black & Gold""",Pods,,25%,15%,
CAT00911,"=""2501786""",,"=""4262519672338""",Voopoo Argus Klyc Pod Kit,"=""Red & Gold""",Pods,,25%,15%,
CAT00912,"=""2501788""",,"=""4262519672321""",Voopoo Argus Klyc Pod Kit,"=""Dreamy Blue""",Pods,,25%,15%,
CAT00913,"=""2501789""",,"=""4262519672345""",Voopoo Argus Klyc Pod Kit,"=""Moss Green""",Pods,,25%,15%,
CAT00914,"=""2501790""",,"=""4262519672352""",Voopoo Argus Klyc Pod Kit,"=""Dusty Pink""",Pods,,25%,15%,
CAT00915,"=""2402106""",,"=""4262519672819""",DotMod dotAIO V4 Pod Tank Verdampfer - Ohne Coil,"=""clear""",Pods,,25%,15%,
CAT00916,"=""2402109""",,"=""4262519672840""",DotMod dotAIO V4 Pod Tank Verdampfer - Ohne Coil,"=""red""",Pods,,25%,15%,
CAT00917,"=""1601453""",,"=""4262519672444""",Uwell Typhos Pod Kit,"=""gem-blue""",Pods,,25%,15%,
CAT00918,"=""1601454""",,"=""4262519672413""",Uwell Typhos Pod Kit,"=""polar-black""",Pods,,25%,15%,
CAT00919,"=""1601455""",,"=""4262519672420""",Uwell Typhos Pod Kit,"=""starlight-silver""",Pods,,25%,15%,
CAT00920,"=""1601456""",,"=""4262519672437""",Uwell Typhos Pod Kit,"=""cement-gray""",Pods,,25%,15%,
CAT00921,"=""1601457""",,"=""4262519672451""",Uwell Typhos Pod Kit,"=""polar-green""",Pods,,25%,15%,
CAT00922,"=""1601458""",,"=""4262519672468""",Uwell Typhos Pod Kit,"=""polar-purple""",Pods,,25%,15%,
CAT00923,"=""1601459""",,"=""4262519672475""",Uwell Typhos Pod Kit,"=""dune-gold""",Pods,,25%,15%,
CAT00924,"=""1602148""",,"=""4262519672482""",2x Uwell Typhos Dual Mesh Pod Tank Verdampfer,"=""0.3""",Pods,,25%,15%,
CAT00925,"=""1602149""",,"=""4262519672499""",2x Uwell Typhos Mesh Pod Tank Verdampfer,"=""0.6""",Pods,,25%,15%,
CAT00926,"=""1602150""",,"=""4262519672505""",2x Uwell Typhos Mesh Pod Tank Verdampfer,"=""0.8""",Pods,,25%,15%,
CAT00927,"=""2501792""",,"=""4262519672512""",Voopoo Vinci E80 Pod Kit,"=""spray-black""",Pods,,25%,15%,
CAT00928,"=""2501795""",,"=""4262519672543""",Voopoo Vinci E80 Pod Kit,"=""green""",Pods,,25%,15%,
CAT00929,"=""2501796""",,"=""4262519672550""",Voopoo Vinci E80 Pod Kit,"=""orange-red-gradient""",Pods,,25%,15%,
CAT00930,"=""2501793""",,"=""4262519672529""",Voopoo Vinci E80 Pod Kit,"=""metal-gray""",Pods,,25%,15%,
CAT00931,"=""2502113""",,"=""4262519672581""",2x Voopoo Vinci E Pod Tank Verdampfer,"=""0.3""",Pods,,25%,15%,
CAT00932,"=""2502114""",,"=""4262519672598""",2x Voopoo Vinci E Pod Tank Verdampfer,"=""0.6""",Pods,,25%,15%,
CAT00933,"=""2502115""",,"=""4262519672604""",2x Voopoo Vinci E Pod Tank Verdampfer,"=""0.8""",Pods,,25%,15%,
CAT00934,"=""802137""",,"=""4262519673090""",4x Vaporesso XROS Series Corex 3.0 Pod Tank Verdampfer - 3ml,"=""0.6""",Pods,,25%,15%,
CAT00935,"=""802138""",,"=""4262519673106""",4x Vaporesso XROS Series Corex 3.0 Pod Tank Verdampfer - 3ml,"=""0.8""",Pods,,25%,15%,
CAT00936,"=""802143""",,"=""4262519675889""",4x Vaporesso XROS Series Corex 3.0 Pod Tank Verdampfer - 3ml,"=""0.4""",Pods,,25%,15%,
CAT00937,"=""8101421""",,"=""4262519672949""",OXVA NeXlim Go Pod Kit,"=""space-gray""",Pods,,25%,15%,
CAT00938,"=""8101422""",,"=""4262519672925""",OXVA NeXlim Go Pod Kit,"=""black-warrior""",Pods,,25%,15%,
CAT00939,"=""8101424""",,"=""4262519672956""",OXVA NeXlim Go Pod Kit,"=""starry-blue""",Pods,,25%,15%,
CAT00940,"=""8101427""",,"=""4262519672987""",OXVA NeXlim Go Pod Kit,"=""sahara-brown""",Pods,,25%,15%,
CAT00941,"=""8101428""",,"=""4262519672994""",OXVA NeXlim Go Pod Kit,"=""rose-pink""",Pods,,25%,15%,
CAT00942,"=""8101423""",,"=""4262519672932""",OXVA NeXlim Go Pod Kit,"=""silky-black""",Pods,,25%,15%,
CAT00943,"=""8101425""",,"=""4262519672963""",OXVA NeXlim Go Pod Kit,"=""silky-coffee""",Pods,,25%,15%,
CAT00944,"=""8101426""",,"=""4262519672970""",OXVA NeXlim Go Pod Kit,"=""silky-purple""",Pods,,25%,15%,
CAT00945,"=""10581001""",,"=""4262519672659""",Pava Horiz Pro Pod Kit,"=""aurora-blue""",Pods,,25%,15%,
CAT00946,"=""10581006""",,"=""4262519672673""",Pava Horiz Pro Pod Kit,"=""queens-pink""",Pods,,25%,15%,
CAT00947,"=""10581008""",,"=""4262519672680""",Pava Horiz Pro Pod Kit,"=""parkle-gold""",Pods,,25%,15%,
CAT00948,"=""10581007""",,"=""4262519672635""",Pava Horiz Pro Pod Kit,"=""brown-woodgrain""",Pods,,25%,15%,
CAT00949,"=""10581004""",,"=""4262519672642""",Pava Horiz Pro Pod Kit,"=""pearly-white""",Pods,,25%,15%,
CAT00950,"=""10581005""",,"=""4262519672666""",Pava Horiz Pro Pod Kit,"=""leather-orange""",Pods,,25%,15%,
CAT00951,"=""10581002""",,"=""4262519672611""",Pava Horiz Pro Pod Kit,"=""gray-carbon""",Pods,,25%,15%,
CAT00952,"=""10581003""",,"=""4262519672628""",Pava Horiz Pro Pod Kit,"=""silver-carbon""",Pods,,25%,15%,
CAT00953,"=""10581009""",,"=""4262519672703""",Pava Horiz Ultra Pod Kit,"=""space-grey""",Pods,,25%,15%,
CAT00954,"=""10581013""",,"=""4262519672734""",Pava Horiz Ultra Pod Kit,"=""noble-gold""",Pods,,25%,15%,
CAT00955,"=""10581010""",,"=""4262519672697""",Pava Horiz Ultra Pod Kit,"=""elegant-silver""",Pods,,25%,15%,
CAT00956,"=""10581011""",,"=""4262519672710""",Pava Horiz Ultra Pod Kit,"=""jewel-blue""",Pods,,25%,15%,
CAT00957,"=""10581012""",,"=""4262519672727""",Pava Horiz Ultra Pod Kit,"=""pearly-white""",Pods,,25%,15%,
CAT00958,"=""10582002""",,"=""4262519672741""",3x Pava Horiz Pod Tank Verdampfer,"=""0.6""",Pods,,25%,15%,
CAT00959,"=""10582003""",,"=""4262519672758""",3x Pava Horiz Pod Tank Verdampfer,"=""0.8""",Pods,,25%,15%,
CAT00960,"=""301459""",,"=""4262519673199""",Eleaf iVeni Duo Pod Kit,"=""black""",Pods,,25%,15%,
CAT00961,"=""301461""",,"=""4262519673212""",Eleaf iVeni Duo Pod Kit,"=""blue-gradient""",Pods,,25%,15%,
CAT00962,"=""301462""",,"=""4262519673236""",Eleaf iVeni Duo Pod Kit,"=""light-pink""",Pods,,25%,15%,
CAT00963,"=""301463""",,"=""4262519673229""",Eleaf iVeni Duo Pod Kit,"=""purple""",Pods,,25%,15%,
CAT00964,"=""301460""",,"=""4262519673205""",Eleaf iVeni Duo Pod Kit,"=""gradient-silver-black""",Pods,,25%,15%,
CAT00965,"=""301464""",,"=""4262519673243""",Eleaf iVeni Duo Pod Kit,"=""gradient-pink-green""",Pods,,25%,15%,
CAT00966,"=""302169""",,"=""4262519673250""",4x Eleaf iVeni Duo Pod Tank Verdampfer,"=""0.6""",Pods,,25%,15%,
CAT00967,"=""302170""",,"=""4262519673267""",4x Eleaf iVeni Duo Pod Tank Verdampfer,"=""0.8""",Pods,,25%,15%,
CAT00968,"=""302171""",,"=""4262519673274""",4x Eleaf iVeni Duo Pod Tank Verdampfer,"=""1.2""",Pods,,25%,15%,
CAT00969,"=""2501817""",,"=""4262519672871""",Voopoo Vmate Pro 2 Pod Kit,"=""space-grey""",Pods,,25%,15%,
CAT00970,"=""2501818""",,"=""4262519672864""",Voopoo Vmate Pro 2 Pod Kit,"=""glacier-silver""",Pods,,25%,15%,
CAT00971,"=""2501821""",,"=""4262519672918""",Voopoo Vmate Pro 2 Pod Kit,"=""neon""",Pods,,25%,15%,
CAT00972,"=""2501820""",,"=""4262519672888""",Voopoo Vmate Pro 2 Pod Kit,"=""navy-blue""",Pods,,25%,15%,
CAT00973,"=""2501822""",,"=""4262519672901""",Voopoo Vmate Pro 2 Pod Kit,"=""lavender""",Pods,,25%,15%,
CAT00974,"=""2501823""",,"=""4262519672895""",Voopoo Vmate Pro 2 Pod Kit,"=""fresh-green""",Pods,,25%,15%,
CAT00975,"=""2501819""",,"=""4262519672857""",Voopoo Vmate Pro 2 Pod Kit,"=""gilt-black""",Pods,,25%,15%,
CAT00976,"=""STE5001091""",,"=""4262510824613""",2x 187 Strassenbande 187 POD Prefilled Pod - Babba Bum - Maxwell Edition,"=""20mg""",Pods,,25%,15%,
CAT00977,"=""STE5001093""",,"=""4262510824675""",2x 187 Strassenbande 187 POD Prefilled Pod - Happy Cactuz,"=""20mg""",Pods,,25%,15%,
CAT00978,"=""STE5001094""",,"=""4262510824682""",2x 187 Strassenbande 187 POD Prefilled Pod - I Love Hamburg,"=""20mg""",Pods,,25%,15%,
CAT00979,"=""STE5001095""",,"=""4262510824682""",2x 187 Strassenbande 187 POD Prefilled Pod - I Scream Pistacio,"=""20mg""",Pods,,25%,15%,
CAT00980,"=""STE5001096""",,"=""4262510824705""",2x 187 Strassenbande 187 POD Prefilled Pod - Juicy Puzzy,"=""20mg""",Pods,,25%,15%,
CAT00981,"=""STE5001097""",,"=""4262510824729""",2x 187 Strassenbande 187 POD Prefilled Pod - Pille - Bonez MC,"=""20mg""",Pods,,25%,15%,
CAT00982,"=""STE5001098""",,"=""4262510824736""",2x 187 Strassenbande 187 POD Prefilled Pod - Pink Mellow,"=""20mg""",Pods,,25%,15%,
CAT00983,"=""STE5001099""",,"=""4262510824743""",2x 187 Strassenbande 187 POD Prefilled Pod - Quelle - SA4 Edition,"=""20mg""",Pods,,25%,15%,
CAT00984,"=""STE5001100""",,"=""4262510824750""",2x 187 Strassenbande 187 POD Prefilled Pod - Reeperbahn,"=""20mg""",Pods,,25%,15%,
CAT00985,"=""STE5001101""",,"=""4262510824767""",2x 187 Strassenbande 187 POD Prefilled Pod - Schwarze Taube,"=""20mg""",Pods,,25%,15%,
CAT00986,"=""STE5001102""",,"=""4262510824835""",2x 187 Strassenbande 187 POD Prefilled Pod - Waternelom,"=""20mg""",Pods,,25%,15%,
CAT00987,"=""1601461""",,"=""4262519673014""",Uwell Caliburn G4 Pro Pod Kit,"=""pearl-silver""",Pods,,25%,15%,
CAT00988,"=""1601462""",,"=""4262519673021""",Uwell Caliburn G4 Pro Pod Kit,"=""iron-gray""",Pods,,25%,15%,
CAT00989,"=""1601466""",,"=""4262519673076""",Uwell Caliburn G4 Pro Pod Kit,"=""fantasy-pink""",Pods,,25%,15%,
CAT00990,"=""1601464""",,"=""4262519673038""",Uwell Caliburn G4 Pro Pod Kit,"=""ink-blue""",Pods,,25%,15%,
CAT00991,"=""1601465""",,"=""4262519673045""",Uwell Caliburn G4 Pro Pod Kit,"=""light-green""",Pods,,25%,15%,
CAT00992,"=""1601463""",,"=""4262519673007""",Uwell Caliburn G4 Pro Pod Kit,"=""stripe-black""",Pods,,25%,15%,
CAT00993,"=""1601467""",,"=""4262519673052""",Uwell Caliburn G4 Pro Pod Kit,"=""frost-white""",Pods,,25%,15%,
CAT00994,"=""1601468""",,"=""4262519673069""",Uwell Caliburn G4 Pro Pod Kit,"=""desert-gold""",Pods,,25%,15%,
CAT00995,"=""STE5001103""",,"=""4262510824606""",2x 187 Strassenbande 187 POD Prefilled Pod - 040 Hamburg,"=""20mg""",Pods,,25%,15%,
CAT00996,"=""EL810101""",,"=""6932570103604""",Elfbar 800 Einweg E-Zigarette - Blue Razz Lemonade (VE = 10Stk),"=""20mg""",Einweg,,25%,15%,
CAT00997,"=""EL810126""",,"=""6941976293574""",Elfbar 800 Einweg E-Zigarette - Blue Razz Lemonade (VE = 10Stk),"=""0mg""",Einweg,,25%,15%,
CAT00998,"=""EL810102""",,"=""6932570103611""",Elfbar 800 Einweg E-Zigarette - Blueberry (VE = 10Stk),"=""20mg""",Einweg,,25%,15%,
CAT00999,"=""EL810127""",,"=""6941976293581""",Elfbar 800 Einweg E-Zigarette - Blueberry (VE = 10Stk),"=""0mg""",Einweg,,25%,15%,
CAT01000,"=""EL810104""",,"=""6932570103635""",Elfbar 800 Einweg E-Zigarette - Cherry (VE = 10Stk),"=""20mg""",Einweg,,25%,15%,
CAT01001,"=""EL810128""",,"=""6941976293604""",Elfbar 800 Einweg E-Zigarette - Cherry (VE = 10Stk),"=""0mg""",Einweg,,25%,15%,
CAT01002,"=""EL810109""",,"=""6932570103680""",Elfbar 800 Einweg E-Zigarette - Menthol (VE = 10Stk),"=""20mg""",Einweg,,25%,15%,
CAT01003,"=""EL810130""",,"=""6941976296247""",Elfbar 800 Einweg E-Zigarette - Menthol (VE = 10Stk),"=""0mg""",Einweg,,25%,15%,
CAT01004,"=""EL810114""",,"=""6932570103734""",Elfbar 800 Einweg E-Zigarette - Watermelon (VE = 10Stk),"=""20mg""",Einweg,,25%,15%,
CAT01005,"=""EL810133""",,"=""6941976294298""",Elfbar 800 Einweg E-Zigarette - Watermelon (VE = 10Stk),"=""0mg""",Einweg,,25%,15%,
CAT01006,"=""EL84001001""",,"=""4262481460476""",Elfbar 800 Einweg E-Zigarette - Blue Razz Lemonade (VE = 400Stk),"=""20mg""",Einweg,,25%,15%,
CAT01007,"=""EL84001026""",,"=""4262519672093""",Elfbar 800 Einweg E-Zigarette - Blue Razz Lemonade (VE = 400Stk),"=""0mg""",Einweg,,25%,15%,
CAT01008,"=""EL84001002""",,"=""4262481460483""",Elfbar 800 Einweg E-Zigarette - Blueberry (VE = 400Stk),"=""20mg""",Einweg,,25%,15%,
CAT01009,"=""EL84001027""",,"=""4262519672109""",Elfbar 800 Einweg E-Zigarette - Blueberry (VE = 400Stk),"=""0mg""",Einweg,,25%,15%,
CAT01010,"=""EL84001004""",,"=""4262481460506""",Elfbar 800 Einweg E-Zigarette - Cherry (VE = 400Stk),"=""20mg""",Einweg,,25%,15%,
CAT01011,"=""EL84001028""",,"=""4262519672116""",Elfbar 800 Einweg E-Zigarette - Cherry (VE = 400Stk),"=""0mg""",Einweg,,25%,15%,
CAT01012,"=""EL84001009""",,"=""4262481460551""",Elfbar 800 Einweg E-Zigarette - Menthol (VE = 400Stk),"=""20mg""",Einweg,,25%,15%,
CAT01013,"=""EL84001030""",,"=""4262519672130""",Elfbar 800 Einweg E-Zigarette - Menthol (VE = 400Stk),"=""0mg""",Einweg,,25%,15%,
CAT01014,"=""EL84001014""",,"=""4262481460605""",Elfbar 800 Einweg E-Zigarette - Watermelon (VE = 400Stk),"=""20mg""",Einweg,,25%,15%,
CAT01015,"=""EL84001033""",,"=""4262519672161""",Elfbar 800 Einweg E-Zigarette - Watermelon (VE = 400Stk),"=""0mg""",Einweg,,25%,15%,
CAT01016,"=""EL810116""",,"=""6932570161307""",Elfbar 800 Einweg E-Zigarette - Blackberry Ice (VE = 10Stk),"=""20mg""",Einweg,,25%,15%,
CAT01017,"=""EL810125""",,"=""6941976294304""",Elfbar 800 Einweg E-Zigarette - Blackberry Ice (VE = 10Stk),"=""0mg""",Einweg,,25%,15%,
CAT01018,"=""EL810120""",,"=""6932570161345""",Elfbar 800 Einweg E-Zigarette - Grape Mint (VE = 10Stk),"=""20mg""",Einweg,,25%,15%,
CAT01019,"=""EL810129""",,"=""6941976296186""",Elfbar 800 Einweg E-Zigarette - Grape Mint (VE = 10Stk),"=""0mg""",Einweg,,25%,15%,
CAT01020,"=""EL810121""",,"=""6932570161352""",Elfbar 800 Einweg E-Zigarette - Mixed Berries (VE = 10Stk),"=""20mg""",Einweg,,25%,15%,
CAT01021,"=""EL810131""",,"=""6941976296216""",Elfbar 800 Einweg E-Zigarette - Mixed Berries (VE = 10Stk),"=""0mg""",Einweg,,25%,15%,
CAT01022,"=""EL84001016""",,"=""4262481468564""",Elfbar 800 Einweg E-Zigarette - Blackberry Ice (VE = 400Stk),"=""20mg""",Einweg,,25%,15%,
CAT01023,"=""EL84001025""",,"=""4262519672086""",Elfbar 800 Einweg E-Zigarette - Blackberry Ice (VE = 400Stk),"=""0mg""",Einweg,,25%,15%,
CAT01024,"=""EL84001020""",,"=""4262481468601""",Elfbar 800 Einweg E-Zigarette - Grape Mint (VE = 400Stk),"=""20mg""",Einweg,,25%,15%,
CAT01025,"=""EL84001029""",,"=""4262519672123""",Elfbar 800 Einweg E-Zigarette - Grape Mint (VE = 400Stk),"=""0mg""",Einweg,,25%,15%,
CAT01026,"=""EL84001021""",,"=""4262481468618""",Elfbar 800 Einweg E-Zigarette - Mixed Berries (VE = 400Stk),"=""20mg""",Einweg,,25%,15%,
CAT01027,"=""EL84001031""",,"=""4262519672147""",Elfbar 800 Einweg E-Zigarette - Mixed Berries (VE = 400Stk),"=""0mg""",Einweg,,25%,15%,
CAT01028,"=""801766""",,"=""4262519674011""",Vaporesso Eco One Pro Pod Kit,"=""sapphire-blue""",Pods,,25%,15%,
CAT01029,"=""801765""",,"=""4262519674028""",Vaporesso Eco One Pro Pod Kit,"=""wine-red""",Pods,,25%,15%,
CAT01030,"=""801767""",,"=""4262519674035""",Vaporesso Eco One Pro Pod Kit,"=""jade-green""",Pods,,25%,15%,
CAT01031,"=""801764""",,"=""4262519674042""",Vaporesso Eco One Pro Pod Kit,"=""mocha-brown""",Pods,,25%,15%,
CAT01032,"=""801768""",,"=""4262519674059""",Vaporesso Eco One Pro Pod Kit,"=""frost-pink""",Pods,,25%,15%,
CAT01033,"=""8102108""",,,3x OXVA Xlim EZ Pod Tank Verdampfer Promo 10 + 1 Gratis Bundle,"=""0.4""",Pods,,25%,15%,
CAT01034,"=""8102109""",,,3x OXVA Xlim EZ Pod Tank Verdampfer Promo 10 + 1 Gratis Bundle,"=""0.6""",Pods,,25%,15%,
CAT01035,"=""8102110""",,,3x OXVA Xlim EZ Pod Tank Verdampfer Promo 10 + 1 Gratis Bundle,"=""0.8""",Pods,,25%,15%,
CAT01036,"=""8102111""",,,3x OXVA Xlim EZ Pod Tank Verdampfer Promo 10 + 1 Gratis Bundle,"=""1.2""",Pods,,25%,15%,
CAT01037,"=""2501843""",,"=""4262519673113""",Voopoo Argus Matrix Pod Kit,"=""carbon-black""",Pods,,25%,15%,
CAT01038,"=""2501844""",,"=""4262519673120""",Voopoo Argus Matrix Pod Kit,"=""astral-silver""",Pods,,25%,15%,
CAT01039,"=""2501845""",,"=""4262519673137""",Voopoo Argus Matrix Pod Kit,"=""iris-blue""",Pods,,25%,15%,
CAT01040,"=""2501847""",,"=""4262519673151""",Voopoo Argus Matrix Pod Kit,"=""lake-green""",Pods,,25%,15%,
CAT01041,"=""2501846""",,"=""4262519673144""",Voopoo Argus Matrix Pod Kit,"=""navy-blue""",Pods,,25%,15%,
CAT01042,"=""1101359""",,"=""4262519674417""",Innokin Coolfire P60 Pod Kit,"=""orange""",Pods,,25%,15%,
CAT01043,"=""1101360""",,"=""4262519674424""",Innokin Coolfire P60 Pod Kit,"=""light-purple""",Pods,,25%,15%,
CAT01044,"=""1101362""",,"=""4262519674431""",Innokin Coolfire P60 Pod Kit,"=""pale-pink""",Pods,,25%,15%,
CAT01045,"=""1101361""",,"=""4262519674400""",Innokin Coolfire P60 Pod Kit,"=""pearl-white""",Pods,,25%,15%,
CAT01046,"=""1101358""",,"=""4262519674394""",Innokin Coolfire P60 Pod Kit,"=""blue-silver-gradient""",Pods,,25%,15%,
CAT01047,"=""1601486""",,"=""4262519673953""",Uwell Caliburn G4 Classic Pod Kit,"=""classic-black""",Pods,,25%,15%,
CAT01048,"=""1601487""",,"=""4262519673960""",Uwell Caliburn G4 Classic Pod Kit,"=""classic-silver""",Pods,,25%,15%,
CAT01049,"=""1601488""",,"=""4262519673984""",Uwell Caliburn G4 Classic Pod Kit,"=""alpine-green""",Pods,,25%,15%,
CAT01050,"=""1601489""",,"=""4262519673977""",Uwell Caliburn G4 Classic Pod Kit,"=""abyss-blue""",Pods,,25%,15%,
CAT01051,"=""STE5001106""",,"=""4262510826556""",2x 187 Strassenbande 187 POD Prefilled Pod - Cloud Energy,"=""20mg""",Pods,,25%,15%,
CAT01052,"=""STE5001108""",,"=""4262510826617""",2x 187 Strassenbande 187 POD Prefilled Pod - Spring Break,"=""20mg""",Pods,,25%,15%,
CAT01053,"=""STE5001109""",,"=""4262510826679""",2x 187 Strassenbande 187 POD Prefilled Pod - Supa Black,"=""20mg""",Pods,,25%,15%,
CAT01054,"=""8102093""",,"=""4262519674165""",3x OXVA Xlim Top Fill CL Pod Tank Verdampfer - 3 ml,"=""0.4""",Pods,,25%,15%,
CAT01055,"=""8102094""",,"=""4262519674172""",3x OXVA Xlim Top Fill CL Pod Tank Verdampfer - 3 ml,"=""0.6""",Pods,,25%,15%,
CAT01056,"=""8102095""",,"=""4262519674189""",3x OXVA Xlim Top Fill CL Pod Tank Verdampfer - 3 ml,"=""0.8""",Pods,,25%,15%,
CAT01057,"=""8102096""",,"=""4262519674196""",3x OXVA Xlim Top Fill CL Pod Tank Verdampfer - 3 ml,"=""1.2""",Pods,,25%,15%,
CAT01058,"=""10701001""",,"=""4255631146559""",Easy OWL Pod Kit,"=""black-carbon""",Pods,,25%,15%,
CAT01059,"=""10222113""",,"=""6937643554369""",2x Elfbar ELFA Pod - Cola & Orange,"=""20mg""",Pods,,25%,15%,
CAT01060,"=""10222115""",,"=""6937643554406""",2x Elfbar ELFA Pod - Dragon Fruit Blackberry,"=""20mg""",Pods,,25%,15%,
CAT01061,"=""10222117""",,"=""6937643554413""",2x Elfbar ELFA Pod - Pineapple Acai,"=""20mg""",Pods,,25%,15%,
CAT01062,"=""10222119""",,"=""6937643554390""",2x Elfbar ELFA Pod - Pineapple Coconut,"=""20mg""",Pods,,25%,15%,
CAT01063,"=""EFA101113""",,"=""6937643554444""",2x Elfbar ELFA Pod - Cola & Orange (VE = 10Stk),"=""20mg""",Pods,,25%,15%,
CAT01064,"=""EFA101115""",,"=""6937643554475""",2x Elfbar ELFA Pod - Dragon Fruit Blackberry (VE = 10Stk),"=""20mg""",Pods,,25%,15%,
CAT01065,"=""EFA101117""",,"=""6937643554482""",2x Elfbar ELFA Pod - Pineapple Acai (VE = 10Stk),"=""20mg""",Pods,,25%,15%,
CAT01066,"=""EFA101119""",,"=""6937643554468""",2x Elfbar ELFA Pod - Pineapple Coconut (VE = 10Stk),"=""20mg""",Pods,,25%,15%,
CAT01067,"=""EFA4001169""",,"=""4262519673380""",2x Elfbar ELFA Pod - Cola & Orange (VE = 400Stk),"=""20mg""",Pods,,25%,15%,
CAT01068,"=""EFA4001171""",,"=""4262519673397""",2x Elfbar ELFA Pod - Dragon Fruit Blackberry (VE = 400Stk),"=""20mg""",Pods,,25%,15%,
CAT01069,"=""EFA4001173""",,"=""4262519673403""",2x Elfbar ELFA Pod - Pineapple Acai (VE = 400Stk),"=""20mg""",Pods,,25%,15%,
CAT01070,"=""EFA4001175""",,"=""4262519673410""",2x Elfbar ELFA Pod - Pineapple Coconut (VE = 400Stk),"=""20mg""",Pods,,25%,15%,
CAT01071,"=""801776""",,"=""4262519675834""",Vaporesso Xros Pro 2 Pod Kit,"=""storm-blue""",Pods,,25%,15%,
CAT01072,"=""801777""",,"=""4262519675810""",Vaporesso Xros Pro 2 Pod Kit,"=""glittering-black""",Pods,,25%,15%,
CAT01073,"=""801778""",,"=""4262519675827""",Vaporesso Xros Pro 2 Pod Kit,"=""glittering-silver""",Pods,,25%,15%,
CAT01074,"=""801779""",,"=""4262519675841""",Vaporesso Xros Pro 2 Pod Kit,"=""dawn-purple""",Pods,,25%,15%,
CAT01075,"=""801780""",,"=""4262519675858""",Vaporesso Xros Pro 2 Pod Kit,"=""gem-green""",Pods,,25%,15%,
CAT01076,"=""801781""",,"=""4262519675865""",Vaporesso Xros Pro 2 Pod Kit,"=""glittering-gold""",Pods,,25%,15%,
CAT01077,"=""801782""",,"=""4262519675872""",Vaporesso Xros Pro 2 Pod Kit,"=""moonlit-pink""",Pods,,25%,15%,
CAT01078,"=""10221019""",,"=""6937643518736""",Elfbar ELFA Basisgerät - Limited,"=""meteor-grey-limited""",ELFBAR,,25%,15%,
CAT01079,"=""10221020""",,"=""6937643518743""",Elfbar ELFA Basisgerät - Limited,"=""obsidian-black-limited""",ELFBAR,,25%,15%,
CAT01080,"=""ELFA101019""",,"=""6937643518750""",Elfbar ELFA Basisgerät - Limited (VE = 10Stk),"=""meteor-grey-limited""",ELFBAR,,25%,15%,
CAT01081,"=""ELFA101020""",,"=""6937643518767""",Elfbar ELFA Basisgerät - Limited (VE = 10Stk),"=""obsidian-black-limited""",ELFBAR,,25%,15%,
CAT01082,"=""FA2001019""",,"=""4262519672208""",Elfbar ELFA Basisgerät - Limited (VE = 100Stk),"=""meteor-grey-limited""",ELFBAR,,25%,15%,
CAT01083,"=""FA2001020""",,"=""4262519672192""",Elfbar ELFA Basisgerät - Limited (VE = 100Stk),"=""obsidian-black-limited""",ELFBAR,,25%,15%,
CAT01084,"=""502161""",,"=""4262519674516""",Aspire Avata Pod Tank Verdampfer,"=""0.4""",Pods,,25%,15%,
CAT01085,"=""502162""",,"=""4262519674523""",Aspire Avata Pod Tank Verdampfer,"=""0.6""",Pods,,25%,15%,
CAT01086,"=""501356""",,"=""4262519674530""",Aspire Magnum Pod Kit,"=""black-skeleton-nexus""",Pods,,25%,15%,
CAT01087,"=""501357""",,"=""4262519674547""",Aspire Magnum Pod Kit,"=""black-dreamy-lucy""",Pods,,25%,15%,
CAT01088,"=""501358""",,"=""4262519674554""",Aspire Magnum Pod Kit,"=""black-booming-bear""",Pods,,25%,15%,
CAT01089,"=""501359""",,"=""4262519674639""",Aspire Magnum Pod Kit,"=""black-dream-catcher""",Pods,,25%,15%,
CAT01090,"=""501360""",,"=""4262519674561""",Aspire Magnum Pod Kit,"=""silver-funky-skull""",Pods,,25%,15%,
CAT01091,"=""501361""",,"=""4262519674578""",Aspire Magnum Pod Kit,"=""silver-little-monsters""",Pods,,25%,15%,
CAT01092,"=""501362""",,"=""4262519674585""",Aspire Magnum Pod Kit,"=""blue-fire-tiger""",Pods,,25%,15%,
CAT01093,"=""501363""",,"=""4262519674592""",Aspire Magnum Pod Kit,"=""green-evil-eyes""",Pods,,25%,15%,
CAT01094,"=""501364""",,"=""4262519674608""",Aspire Magnum Pod Kit,"=""purple-cyber-bear""",Pods,,25%,15%,
CAT01095,"=""501365""",,"=""4262519674615""",Aspire Magnum Pod Kit,"=""gold-skate-kong""",Pods,,25%,15%,
CAT01096,"=""501366""",,"=""4262519674622""",Aspire Magnum Pod Kit,"=""gold-mystic-galaxy""",Pods,,25%,15%,
CAT01097,"=""501402""",,"=""4262519675049""",Aspire Pixo Pod Kit,"=""black""",Pods,,25%,15%,
CAT01098,"=""501404""",,"=""4262519675063""",Aspire Pixo Pod Kit,"=""gunmetal""",Pods,,25%,15%,
CAT01099,"=""501407""",,"=""4262519675094""",Aspire Pixo Pod Kit,"=""beige""",Pods,,25%,15%,
CAT01100,"=""501409""",,"=""4262519675117""",Aspire Pixo Pod Kit,"=""frost-blue""",Pods,,25%,15%,
CAT01101,"=""501408""",,"=""4262519675100""",Aspire Pixo Pod Kit,"=""sage-green""",Pods,,25%,15%,
CAT01102,"=""501405""",,"=""4262519675070""",Aspire Pixo Pod Kit,"=""purple""",Pods,,25%,15%,
CAT01103,"=""501406""",,"=""4262519675087""",Aspire Pixo Pod Kit,"=""pink""",Pods,,25%,15%,
CAT01104,"=""501403""",,"=""4262519675056""",Aspire Pixo Pod Kit,"=""ice-silver""",Pods,,25%,15%,
CAT01105,"=""501410""",,"=""4262519675124""",Aspire Pixo Neo Pod Kit,"=""black""",Pods,,25%,15%,
CAT01106,"=""501411""",,"=""4262519675131""",Aspire Pixo Neo Pod Kit,"=""silver-grey""",Pods,,25%,15%,
CAT01107,"=""501415""",,"=""4262519675179""",Aspire Pixo Neo Pod Kit,"=""light-brown""",Pods,,25%,15%,
CAT01108,"=""501414""",,"=""4262519675162""",Aspire Pixo Neo Pod Kit,"=""purple""",Pods,,25%,15%,
CAT01109,"=""501412""",,"=""4262519675148""",Aspire Pixo Neo Pod Kit,"=""red""",Pods,,25%,15%,
CAT01110,"=""501413""",,"=""4262519675155""",Aspire Pixo Neo Pod Kit,"=""green""",Pods,,25%,15%,
CAT01111,"=""501416""",,"=""4262519675186""",Aspire Pixo Neo Pod Kit,"=""charcoal-blue""",Pods,,25%,15%,
CAT01112,"=""501417""",,"=""4262519675193""",Aspire Pixo Aura Pod Kit,"=""black""",Pods,,25%,15%,
CAT01113,"=""501423""",,"=""4262519675254""",Aspire Pixo Aura Pod Kit,"=""crimson-red""",Pods,,25%,15%,
CAT01114,"=""501418""",,"=""4262519675209""",Aspire Pixo Aura Pod Kit,"=""carbon-black""",Pods,,25%,15%,
CAT01115,"=""501424""",,"=""4262519675261""",Aspire Pixo Aura Pod Kit,"=""neon-purple""",Pods,,25%,15%,
CAT01116,"=""501425""",,"=""4262519675278""",Aspire Pixo Aura Pod Kit,"=""sakura-pink""",Pods,,25%,15%,
CAT01117,"=""501426""",,"=""4262519675285""",Aspire Pixo Aura Pod Kit,"=""white""",Pods,,25%,15%,
CAT01118,"=""501419""",,"=""4262519675216""",Aspire Pixo Aura Pod Kit,"=""grafitti-grey""",Pods,,25%,15%,
CAT01119,"=""501420""",,"=""4262519675223""",Aspire Pixo Aura Pod Kit,"=""vast-blue""",Pods,,25%,15%,
CAT01120,"=""501421""",,"=""4262519675230""",Aspire Pixo Aura Pod Kit,"=""speed-blue""",Pods,,25%,15%,
CAT01121,"=""501422""",,"=""4262519675247""",Aspire Pixo Aura Pod Kit,"=""tribal-orange""",Pods,,25%,15%,
CAT01122,"=""502169""",,"=""4262519675292""",2x Aspire Pixo Pod Tank Verdampfer,"=""0.4""",Pods,,25%,15%,
CAT01123,"=""502170""",,"=""4262519675308""",2x Aspire Pixo Pod Tank Verdampfer,"=""0.6""",Pods,,25%,15%,
CAT01124,"=""502171""",,"=""4262519675315""",2x Aspire Pixo Pod Tank Verdampfer,"=""1.0""",Pods,,25%,15%,
CAT01125,"=""502172""",,"=""4262519675322""",2x Aspire Pixo Pod Tank Verdampfer,"=""1.2""",Pods,,25%,15%,
CAT01126,"=""1601491""",,"=""4262519675773""",Uwell Typhos SE Pod Kit,"=""gunmetal-grey""",Pods,,25%,15%,
CAT01127,"=""1601492""",,"=""4262519675766""",Uwell Typhos SE Pod Kit,"=""midnight-dark""",Pods,,25%,15%,
CAT01128,"=""1601494""",,"=""4262519675797""",Uwell Typhos SE Pod Kit,"=""navy-blue""",Pods,,25%,15%,
CAT01129,"=""1601495""",,"=""4262519675803""",Uwell Typhos SE Pod Kit,"=""burgundy-red""",Pods,,25%,15%,
CAT01130,"=""1601493""",,"=""4262519675780""",Uwell Typhos SE Pod Kit,"=""luxury-emerald""",Pods,,25%,15%,
CAT01131,"=""2501886""",,"=""4262519676329""",Voopoo Vrizz 2 Pod Kit,"=""black-leather""",Pods,,25%,15%,
CAT01132,"=""2501888""",,"=""4262519676343""",Voopoo Vrizz 2 Pod Kit,"=""blue-leather""",Pods,,25%,15%,
CAT01133,"=""2501887""",,"=""4262519676336""",Voopoo Vrizz 2 Pod Kit,"=""onyx-black""",Pods,,25%,15%,
CAT01134,"=""2501891""",,"=""4262519676374""",Voopoo Vrizz 2 Pod Kit,"=""sunset-purple""",Pods,,25%,15%,
CAT01135,"=""2501892""",,"=""4262519676381""",Voopoo Vrizz 2 Pod Kit,"=""white-leather""",Pods,,25%,15%,
CAT01136,"=""2501889""",,"=""4262519676350""",Voopoo Vrizz 2 Pod Kit,"=""azure""",Pods,,25%,15%,
CAT01137,"=""2501890""",,"=""4262519676367""",Voopoo Vrizz 2 Pod Kit,"=""sunrise-green""",Pods,,25%,15%,
CAT01138,"=""2501893""",,"=""4262519676398""",Voopoo Vrizz 2 Pod Kit,"=""pink-leather""",Pods,,25%,15%,
CAT01139,"=""2502119""",,"=""4262519676459""",2x Voopoo Vrizz 2 Pod Tank Verdampfer,"=""0.4""",Pods,,25%,15%,
CAT01140,"=""2502120""",,"=""4262519676466""",2x Voopoo Vrizz 2 Pod Tank Verdampfer,"=""0.7""",Pods,,25%,15%,
CAT01141,"=""2502121""",,"=""4262519676473""",2x Voopoo Vrizz 2 Dual Mesh Pod Tank Verdampfer,"=""0.7 / 0.4""",Pods,,25%,15%,
CAT01142,"=""801786""",,"=""4262519676770""",Vaporesso XROS 5 Pod Kit - Leather Edition,"=""red-leather""",Pods,,25%,15%,
CAT01143,"=""801787""",,"=""4262519676763""",Vaporesso XROS 5 Pod Kit - Leather Edition,"=""grey-leather""",Pods,,25%,15%,
CAT01144,"=""801788""",,"=""4262519676787""",Vaporesso XROS 5 Mini Pod Kit - Leather Edition,"=""mist-black""",Pods,,25%,15%,
CAT01145,"=""801789""",,"=""4262519676794""",Vaporesso XROS 5 Mini Pod Kit - Leather Edition,"=""mist-white""",Pods,,25%,15%,
CAT01146,"=""801790""",,"=""4262519676800""",Vaporesso XROS 5 Mini Pod Kit - Leather Edition,"=""retro-pink""",Pods,,25%,15%,
CAT01147,"=""801791""",,"=""4262519676817""",Vaporesso XROS 5 Mini Pod Kit - Leather Edition,"=""retro-orange""",Pods,,25%,15%,
CAT01148,"=""2401161""",,"=""4262519673625""",DotMod dotPod Max Kit - Neue Version,"=""black""",Pods,,25%,15%,
CAT01149,"=""2502117""",,"=""4262519676435""",2x Voopoo PnP X Pod Tank Verdampfer,"=""0.8""",Pods,,25%,15%,
CAT01150,"=""2502118""",,"=""4262519676442""",2x Voopoo PnP X Pod Tank Verdampfer,"=""1.0""",Pods,,25%,15%,
CAT01151,"=""ELFL10079""",,"=""4895258312816""",ELFBAR ELFLIQ Blackberry Cherry Nikotinsalz Liquid 10 ml,"=""20mg""",ELFBAR,,25%,15%,
CAT01152,"=""ELFL10080""",,"=""4895258314902""",ELFBAR ELFLIQ Blackberry Cherry Nikotinsalz Liquid 10 ml,"=""10mg""",ELFBAR,,25%,15%,
CAT01153,"=""ELFL10081""",,"=""4895258312830""",ELFBAR ELFLIQ Coconut Blueberry Nikotinsalz Liquid 10 ml,"=""20mg""",ELFBAR,,25%,15%,
CAT01154,"=""ELFL10082""",,"=""4895258314933""",ELFBAR ELFLIQ Coconut Blueberry Nikotinsalz Liquid 10 ml,"=""10mg""",ELFBAR,,25%,15%,
CAT01155,"=""ELFL10083""",,"=""4895258312823""",ELFBAR ELFLIQ Frozen Berries Nikotinsalz Liquid 10 ml,"=""20mg""",ELFBAR,,25%,15%,
CAT01156,"=""ELFL10084""",,"=""4895258314919""",ELFBAR ELFLIQ Frozen Berries Nikotinsalz Liquid 10 ml,"=""10mg""",ELFBAR,,25%,15%,
CAT01157,"=""ELFL10085""",,"=""4895258312793""",ELFBAR ELFLIQ Lemon Mint Nikotinsalz Liquid 10 ml,"=""20mg""",ELFBAR,,25%,15%,
CAT01158,"=""ELFL10086""",,"=""4895258314926""",ELFBAR ELFLIQ Lemon Mint Nikotinsalz Liquid 10 ml,"=""10mg""",ELFBAR,,25%,15%,
CAT01159,"=""ELFL10087""",,"=""4895258312809""",ELFBAR ELFLIQ Pineapple Coconut Nikotinsalz Liquid 10 ml,"=""20mg""",ELFBAR,,25%,15%,
CAT01160,"=""ELFL10088""",,"=""4895258314896""",ELFBAR ELFLIQ Pineapple Coconut Nikotinsalz Liquid 10 ml,"=""10mg""",ELFBAR,,25%,15%,
CAT01161,"=""EFL101117""",,"=""4895258312861""",ELFBAR ELFLIQ Blackberry Cherry Nikotinsalz Liquid 10 ml (VE = 10Stk),"=""20mg""",ELFBAR,,25%,15%,
CAT01162,"=""EFL101118""",,"=""4895258314957""",ELFBAR ELFLIQ Blackberry Cherry Nikotinsalz Liquid 10 ml (VE = 10Stk),"=""10mg""",ELFBAR,,25%,15%,
CAT01163,"=""EFL101119""",,"=""4895258312885""",ELFBAR ELFLIQ Coconut Blueberry Nikotinsalz Liquid 10 ml (VE = 10Stk),"=""20mg""",ELFBAR,,25%,15%,
CAT01164,"=""EFL101120""",,"=""4895258314988""",ELFBAR ELFLIQ Coconut Blueberry Nikotinsalz Liquid 10 ml (VE = 10Stk),"=""10mg""",ELFBAR,,25%,15%,
CAT01165,"=""EFL101121""",,"=""4895258312878""",ELFBAR ELFLIQ Frozen Berries Nikotinsalz Liquid 10 ml (VE = 10Stk),"=""20mg""",ELFBAR,,25%,15%,
CAT01166,"=""EFL101122""",,"=""4895258314964""",ELFBAR ELFLIQ Frozen Berries Nikotinsalz Liquid 10 ml (VE = 10Stk),"=""10mg""",ELFBAR,,25%,15%,
CAT01167,"=""EFL101123""",,"=""4895258312847""",ELFBAR ELFLIQ Lemon Mint Nikotinsalz Liquid 10 ml (VE = 10Stk),"=""20mg""",ELFBAR,,25%,15%,
CAT01168,"=""EFL101124""",,"=""4895258314971""",ELFBAR ELFLIQ Lemon Mint Nikotinsalz Liquid 10 ml (VE = 10Stk),"=""10mg""",ELFBAR,,25%,15%,
CAT01169,"=""EFL101125""",,"=""4895258312854""",ELFBAR ELFLIQ Pineapple Coconut Nikotinsalz Liquid 10 ml (VE = 10Stk),"=""20mg""",ELFBAR,,25%,15%,
CAT01170,"=""EFL101126""",,"=""4895258314940""",ELFBAR ELFLIQ Pineapple Coconut Nikotinsalz Liquid 10 ml (VE = 10Stk),"=""10mg""",ELFBAR,,25%,15%,
CAT01171,"=""EFL2001129""",,"=""4262519674257""",ELFBAR ELFLIQ Blackberry Cherry Nikotinsalz Liquid 10 ml (VE = 200Stk),"=""20mg""",ELFBAR,,25%,15%,
CAT01172,"=""EFL2001130""",,"=""4262519674240""",ELFBAR ELFLIQ Blackberry Cherry Nikotinsalz Liquid 10 ml (VE = 200Stk),"=""10mg""",ELFBAR,,25%,15%,
CAT01173,"=""EFL2001131""",,"=""4262519674271""",ELFBAR ELFLIQ Coconut Blueberry Nikotinsalz Liquid 10 ml (VE = 200Stk),"=""20mg""",ELFBAR,,25%,15%,
CAT01174,"=""EFL2001132""",,"=""4262519674264""",ELFBAR ELFLIQ Coconut Blueberry Nikotinsalz Liquid 10 ml (VE = 200Stk),"=""10mg""",ELFBAR,,25%,15%,
CAT01175,"=""EFL2001133""",,"=""4262519674318""",ELFBAR ELFLIQ Frozen Berries Nikotinsalz Liquid 10 ml (VE = 200Stk),"=""20mg""",ELFBAR,,25%,15%,
CAT01176,"=""EFL2001134""",,"=""4262519674301""",ELFBAR ELFLIQ Frozen Berries Nikotinsalz Liquid 10 ml (VE = 200Stk),"=""10mg""",ELFBAR,,25%,15%,
CAT01177,"=""EFL2001135""",,"=""4262519674332""",ELFBAR ELFLIQ Lemon Mint Nikotinsalz Liquid 10 ml (VE = 200Stk),"=""20mg""",ELFBAR,,25%,15%,
CAT01178,"=""EFL2001136""",,"=""4262519674325""",ELFBAR ELFLIQ Lemon Mint Nikotinsalz Liquid 10 ml (VE = 200Stk),"=""10mg""",ELFBAR,,25%,15%,
CAT01179,"=""EFL2001137""",,"=""4262519674349""",ELFBAR ELFLIQ Pineapple Coconut Nikotinsalz Liquid 10 ml (VE = 200Stk),"=""20mg""",ELFBAR,,25%,15%,
CAT01180,"=""EFL2001138""",,"=""4895258314896""",ELFBAR ELFLIQ Pineapple Coconut Nikotinsalz Liquid 10 ml (VE = 200Stk),"=""10mg""",ELFBAR,,25%,15%,
CAT01181,"=""STE5001069""",,"=""4262435962568""",187 Strassenbande 187 POD Basisgerät,"=""graffiti""",Pods,,25%,15%,
CAT01182,"=""STE5001071""",,"=""4262435962537""",187 Strassenbande 187 POD Basisgerät,"=""gold""",Pods,,25%,15%,
CAT01183,"=""STE5001104""",,"=""4262510827591""",187 Strassenbande 187 POD Basisgerät,"=""green""",Pods,,25%,15%,
CAT01184,"=""902198""",,"=""4262519676626""",3x SMOK Novo Meshed Pod SLR Tank Verdampfer 2ml,"=""0.6""",Pods,,25%,15%,
CAT01185,"=""902199""",,"=""4262519676633""",3x SMOK Novo Meshed Pod SLR Tank Verdampfer 2ml,"=""0.8""",Pods,,25%,15%,
CAT01186,"=""2501894""",,"=""4262519676657""",Voopoo Vinci S Pod Kit,"=""silver""",Pods,,25%,15%,
CAT01187,"=""2501895""",,"=""4262519676640""",Voopoo Vinci S Pod Kit,"=""black""",Pods,,25%,15%,
CAT01188,"=""2501896""",,"=""4262519676664""",Voopoo Vinci S Pod Kit,"=""grey""",Pods,,25%,15%,
CAT01189,"=""2501900""",,"=""4262519676671""",Voopoo Vinci S Pod Kit,"=""pink""",Pods,,25%,15%,
CAT01190,"=""2501899""",,"=""4262519676701""",Voopoo Vinci S Pod Kit,"=""gold-gradient""",Pods,,25%,15%,
CAT01191,"=""2501898""",,"=""4262519676718""",Voopoo Vinci S Pod Kit,"=""blue-gradient""",Pods,,25%,15%,
CAT01192,"=""2501901""",,"=""4262519676688""",Voopoo Vinci S Pod Kit,"=""neon""",Pods,,25%,15%,
CAT01193,"=""2501897""",,"=""4262519676695""",Voopoo Vinci S Pod Kit,"=""green-gradient""",Pods,,25%,15%,
CAT01194,"=""2502122""",,"=""4262519676725""",2x Voopoo Vinci S Pod Tank Verdampfer,"=""0.6""",Pods,,25%,15%,
CAT01195,"=""2502123""",,"=""4262519676732""",2x Voopoo Vinci S Pod Tank Verdampfer,"=""0.8""",Pods,,25%,15%,
CAT01196,"=""801856""",,"=""4262519676824""",Vaporesso Eco Nano Plus Pod Kit,"=""midnight-black""",Pods,,25%,15%,
CAT01197,"=""801857""",,"=""4262519676831""",Vaporesso Eco Nano Plus Pod Kit,"=""space-silver""",Pods,,25%,15%,
CAT01198,"=""801858""",,"=""4262519676848""",Vaporesso Eco Nano Plus Pod Kit,"=""sky-blue""",Pods,,25%,15%,
CAT01199,"=""801861""",,"=""4262519676879""",Vaporesso Eco Nano Plus Pod Kit,"=""coral-pink""",Pods,,25%,15%,
CAT01200,"=""801860""",,"=""4262519676862""",Vaporesso Eco Nano Plus Pod Kit,"=""mocha-brown""",Pods,,25%,15%,
CAT01201,"=""801859""",,"=""4262519676855""",Vaporesso Eco Nano Plus Pod Kit,"=""grape-green""",Pods,,25%,15%,
CAT01202,"=""802144""",,"=""4262519676886""",2x Vaporesso Eco Nano Plus Lush Mesh Pod Tank Verdampfer,"=""0.6""",Pods,,25%,15%,
CAT01203,"=""802145""",,"=""4262519676893""",2x Vaporesso Eco Nano Plus Lush Mesh Pod Tank Verdampfer,"=""0.8""",Pods,,25%,15%,
CAT01204,"=""EL810115""",,"=""6941976202422""",Elfbar 800 Einweg E-Zigarette - Apple Peach (VE = 10Stk),"=""20mg""",Einweg,,25%,15%,
CAT01205,"=""EL810122""",,"=""6941976202439""",Elfbar 800 Einweg E-Zigarette - Peach Ice (VE = 10Stk),"=""20mg""",Einweg,,25%,15%,
CAT01206,"=""EL84001015""",,"=""4262481468557""",Elfbar 800 Einweg E-Zigarette - Apple Peach (VE = 400Stk),"=""20mg""",Einweg,,25%,15%,
CAT01207,"=""EL84001022""",,"=""4262481468625""",Elfbar 800 Einweg E-Zigarette - Peach Ice (VE = 400Stk),"=""20mg""",Einweg,,25%,15%,
CAT01208,"=""EL810134""",,"=""6941976202521""",Elfbar 800 Einweg E-Zigarette - Berry Mint (VE = 10Stk),"=""20mg""",Einweg,,25%,15%,
CAT01209,"=""EL810135""",,"=""6941976202446""",Elfbar 800 Einweg E-Zigarette - Blackberry Cherry (VE = 10Stk),"=""20mg""",Einweg,,25%,15%,
CAT01210,"=""EL810136""",,"=""6941976202507""",Elfbar 800 Einweg E-Zigarette - Blackberry Grape (VE = 10Stk),"=""20mg""",Einweg,,25%,15%,
CAT01211,"=""EL810137""",,"=""6941976202453""",Elfbar 800 Einweg E-Zigarette - Cola (VE = 10Stk),"=""20mg""",Einweg,,25%,15%,
CAT01212,"=""EL810138""",,"=""6941976202538""",Elfbar 800 Einweg E-Zigarette - Cream Tobacco (VE = 10Stk),"=""20mg""",Einweg,,25%,15%,
CAT01213,"=""EL810139""",,"=""6941976202460""",Elfbar 800 Einweg E-Zigarette - Frozen Berries (VE = 10Stk),"=""20mg""",Einweg,,25%,15%,
CAT01214,"=""EL810140""",,"=""6941976202477""",Elfbar 800 Einweg E-Zigarette - Pineapple Coconut (VE = 10Stk),"=""20mg""",Einweg,,25%,15%,
CAT01215,"=""EL810141""",,"=""6941976202514""",Elfbar 800 Einweg E-Zigarette - Red Berries (VE = 10Stk),"=""20mg""",Einweg,,25%,15%,
CAT01216,"=""EL810142""",,"=""6941976202484""",Elfbar 800 Einweg E-Zigarette - Sweet Berries (VE = 10Stk),"=""20mg""",Einweg,,25%,15%,
CAT01217,"=""EL84001034""",,"=""4262519676183""",Elfbar 800 Einweg E-Zigarette - Berry Mint (VE = 400Stk),"=""20mg""",Einweg,,25%,15%,
CAT01218,"=""EL84001035""",,"=""4262519676190""",Elfbar 800 Einweg E-Zigarette - Blackberry Cherry (VE = 400Stk),"=""20mg""",Einweg,,25%,15%,
CAT01219,"=""EL84001036""",,"=""4262519676206""",Elfbar 800 Einweg E-Zigarette - Blackberry Grape (VE = 400Stk),"=""20mg""",Einweg,,25%,15%,
CAT01220,"=""EL84001037""",,"=""4262519676213""",Elfbar 800 Einweg E-Zigarette - Cola (VE = 400Stk),"=""20mg""",Einweg,,25%,15%,
CAT01221,"=""EL84001038""",,"=""4262519676220""",Elfbar 800 Einweg E-Zigarette - Cream Tobacco (VE = 400Stk),"=""20mg""",Einweg,,25%,15%,
CAT01222,"=""EL84001039""",,"=""4262519676237""",Elfbar 800 Einweg E-Zigarette - Frozen Berries (VE = 400Stk),"=""20mg""",Einweg,,25%,15%,
CAT01223,"=""EL84001040""",,"=""4262519676244""",Elfbar 800 Einweg E-Zigarette - Pineapple Coconut (VE = 400Stk),"=""20mg""",Einweg,,25%,15%,
CAT01224,"=""EL84001041""",,"=""4262519676251""",Elfbar 800 Einweg E-Zigarette - Red Berries (VE = 400Stk),"=""20mg""",Einweg,,25%,15%,
CAT01225,"=""EL84001042""",,"=""4262519676268""",Elfbar 800 Einweg E-Zigarette - Sweet Berries (VE = 400Stk),"=""20mg""",Einweg,,25%,15%,
CAT01226,"=""10222127""",,"=""6932570192288""",2x Elfbar ELFA Pod - Hazelnut Coffee,"=""20mg""",Pods,,25%,15%,
CAT01227,"=""10222129""",,"=""6932570195586""",2x Elfbar ELFA Pod - Frozen Berries,"=""20mg""",Pods,,25%,15%,
CAT01228,"=""10222133""",,"=""6932570195609""",2x Elfbar ELFA Pod - Blackberry Cherry,"=""20mg""",Pods,,25%,15%,
CAT01229,"=""EFA101127""",,"=""6932570192318""",2x Elfbar ELFA Pod - Hazelnut Coffee (VE = 10Stk),"=""20mg""",Pods,,25%,15%,
CAT01230,"=""EFA101129""",,"=""6932570195616""",2x Elfbar ELFA Pod - Frozen Berries (VE = 10Stk),"=""20mg""",Pods,,25%,15%,
CAT01231,"=""EFA101133""",,"=""6932570195630""",2x Elfbar ELFA Pod - Blackberry Cherry (VE = 10Stk),"=""20mg""",Pods,,25%,15%,
CAT01232,"=""EFA4001183""",,"=""4262519676145""",2x Elfbar ELFA Pod - Hazelnut Coffee (VE = 400Stk),"=""20mg""",Pods,,25%,15%,
CAT01233,"=""EFA4001185""",,"=""4262519676138""",2x Elfbar ELFA Pod - Frozen Berries (VE = 400Stk),"=""20mg""",Pods,,25%,15%,
CAT01234,"=""EFA4001189""",,"=""4262519676121""",2x Elfbar ELFA Pod - Blackberry Cherry (VE = 400Stk),"=""20mg""",Pods,,25%,15%,
CAT01235,"=""10691001""",,"=""6932570195098""",Elfbar ELFX Mega Kit,"=""silver""",ELFBAR,,25%,15%,
CAT01236,"=""10691002""",,"=""6932570195081""",Elfbar ELFX Mega Kit,"=""black""",ELFBAR,,25%,15%,
CAT01237,"=""10691003""",,"=""6932570195135""",Elfbar ELFX Mega Kit,"=""navy""",ELFBAR,,25%,15%,
CAT01238,"=""10691006""",,"=""6932570195104""",Elfbar ELFX Mega Kit,"=""purple""",ELFBAR,,25%,15%,
CAT01239,"=""10691005""",,"=""6932570195128""",Elfbar ELFX Mega Kit,"=""cyan""",ELFBAR,,25%,15%,
CAT01240,"=""10691004""",,"=""6932570195111""",Elfbar ELFX Mega Kit,"=""green""",ELFBAR,,25%,15%,
CAT01241,"=""10692001""",,"=""6932570195005""",Elfbar ELFX Mega Pod Tank Verdampfer 5 ml,"=""0.6""",Pods,,25%,15%,
CAT01242,"=""10692002""",,"=""6932570195012""",Elfbar ELFX Mega Pod Tank Verdampfer 5 ml,"=""0.8""",Pods,,25%,15%,
CAT01243,"=""10693001""",,"=""6932570195043""",Elfbar ELFX Mega Pod Tank Verdampfer 10 ml,"=""0.6""",Pods,,25%,15%,
CAT01244,"=""10693002""",,"=""6932570195050""",Elfbar ELFX Mega Pod Tank Verdampfer 10 ml,"=""0.8""",Pods,,25%,15%,
CAT01245,"=""XMP101001""",,"=""6932570195029""",Elfbar ELFX Mega Pod Tank Verdampfer 5 ml (VE = 10Stk),"=""0.6""",Pods,,25%,15%,
CAT01246,"=""XMP101002""",,"=""6932570195036""",Elfbar ELFX Mega Pod Tank Verdampfer 5 ml (VE = 10Stk),"=""0.8""",Pods,,25%,15%,
CAT01247,"=""XMP102001""",,"=""6932570195067""",Elfbar ELFX Mega Pod Tank Verdampfer 10 ml (VE = 10Stk),"=""0.6""",Pods,,25%,15%,
CAT01248,"=""XMP102002""",,"=""6932570195074""",Elfbar ELFX Mega Pod Tank Verdampfer 10 ml (VE = 10Stk),"=""0.8""",Pods,,25%,15%,
CAT01249,"=""XMP200101""",,"=""6942565221756""",Elfbar ELFX Mega Pod Tank Verdampfer 5 ml (VE = 200Stk),"=""0.6""",Pods,,25%,15%,
CAT01250,"=""XMP200102""",,"=""6942565221763""",Elfbar ELFX Mega Pod Tank Verdampfer 5 ml (VE = 200Stk),"=""0.8""",Pods,,25%,15%,
CAT01251,"=""XMP200201""",,"=""6942565221770""",Elfbar ELFX Mega Pod Tank Verdampfer 10 ml (VE = 200Stk),"=""0.6""",Pods,,25%,15%,
CAT01252,"=""XMP200202""",,"=""4262519675032""",Elfbar ELFX Mega Pod Tank Verdampfer 10 ml (VE = 200Stk),"=""0.8""",Pods,,25%,15%,
CAT01253,"=""10702001""",,"=""4255631154998""",Easy OWL Pod Tank Verdampfer,"=""0.6""",Pods,,25%,15%,
CAT01254,"=""10702002""",,"=""4255631149406""",Easy OWL Pod Tank Verdampfer,"=""0.8""",Pods,,25%,15%,
CAT01255,"=""2401168""",,"=""4262519676411""",DotMod dotPod Go Kit - Full Kit,"=""silver""",Pods,,25%,15%,
CAT01256,"=""2401169""",,"=""4262519676404""",DotMod dotPod Go Kit - Full Kit,"=""black""",Pods,,25%,15%,
CAT01257,"=""2401170""",,"=""4262519676480""",DotMod dotPod Go Kit - Full Kit,"=""gunmetal""",Pods,,25%,15%,
CAT01258,"=""2401172""",,"=""4262519676497""",DotMod dotPod Go Kit - Full Kit,"=""blue""",Pods,,25%,15%,
CAT01259,"=""2401171""",,"=""4262519676503""",DotMod dotPod Go Kit - Full Kit,"=""red""",Pods,,25%,15%,
CAT01260,"=""2401173""",,"=""4262519676527""",DotMod dotPod Go Kit,"=""silver""",Pods,,25%,15%,
CAT01261,"=""2401174""",,"=""4262519676510""",DotMod dotPod Go Kit,"=""black""",Pods,,25%,15%,
CAT01262,"=""2401175""",,"=""4262519676534""",DotMod dotPod Go Kit,"=""gunmetal""",Pods,,25%,15%,
CAT01263,"=""2401177""",,"=""4262519676541""",DotMod dotPod Go Kit,"=""blue""",Pods,,25%,15%,
CAT01264,"=""2401176""",,"=""4262519676558""",DotMod dotPod Go Kit,"=""red""",Pods,,25%,15%,
CAT01265,"=""501352""",,"=""4262519674486""",Aspire Avata Pod Kit,"=""silver""",Pods,,25%,15%,
CAT01266,"=""501353""",,"=""4262519674479""",Aspire Avata Pod Kit,"=""black""",Pods,,25%,15%,
CAT01267,"=""501355""",,"=""4262519674509""",Aspire Avata Pod Kit,"=""brown""",Pods,,25%,15%,
CAT01268,"=""501354""",,"=""4262519674493""",Aspire Avata Pod Kit,"=""purple""",Pods,,25%,15%,
CAT01269,"=""501439""",,"=""4262519677319""",Aspire Avata Pod Kit,"=""orange""",Pods,,25%,15%,
CAT01270,"=""501437""",,"=""4262519677296""",Aspire Avata Pod Kit,"=""dark-blue""",Pods,,25%,15%,
CAT01271,"=""501438""",,"=""4262519677302""",Aspire Avata Pod Kit,"=""cyan""",Pods,,25%,15%,
CAT01272,"=""502163""",,"=""4262519674646""",2x Aspire Magnum Pod Tank Verdampfer,"=""0.25""",Pods,,25%,15%,
CAT01273,"=""502164""",,"=""4262519674653""",2x Aspire Magnum Pod Tank Verdampfer,"=""0.4""",Pods,,25%,15%,
CAT01274,"=""502173""",,"=""4262519677289""",2x Aspire Magnum Pod Tank Verdampfer,"=""0.6""",Pods,,25%,15%,
CAT01275,"=""1101364""",,"=""4262519677043""",Innokin Plexus Go Pod Kit,"=""midnight-black""",Pods,,25%,15%,
CAT01276,"=""1101365""",,"=""4262519677050""",Innokin Plexus Go Pod Kit,"=""moonlight-silver""",Pods,,25%,15%,
CAT01277,"=""1101367""",,"=""4262519677074""",Innokin Plexus Go Pod Kit,"=""indigo-blue""",Pods,,25%,15%,
CAT01278,"=""1101366""",,"=""4262519677067""",Innokin Plexus Go Pod Kit,"=""frost-blue""",Pods,,25%,15%,
CAT01279,"=""1101368""",,"=""4262519677081""",Innokin Plexus Go Pod Kit,"=""sakura-pink""",Pods,,25%,15%,
CAT01280,"=""1101370""",,"=""4262519677098""",Innokin Plexus Pro Pod Kit,"=""midnight-black""",Pods,,25%,15%,
CAT01281,"=""1101372""",,"=""4262519677111""",Innokin Plexus Pro Pod Kit,"=""navy-blue""",Pods,,25%,15%,
CAT01282,"=""1101371""",,"=""4262519677104""",Innokin Plexus Pro Pod Kit,"=""shadow-gray""",Pods,,25%,15%,
CAT01283,"=""1101373""",,"=""4262519677128""",Innokin Plexus Pro Pod Kit,"=""pearlescent-cream""",Pods,,25%,15%,
CAT01284,"=""1101374""",,"=""4262519677135""",Innokin Plexus Pro Pod Kit,"=""pearlescent-rosaline""",Pods,,25%,15%,
CAT01285,"=""1101375""",,"=""4262519677142""",Innokin Plexus Pro Pod Kit,"=""iridescent-lavender""",Pods,,25%,15%,
CAT01286,"=""1102164""",,"=""4262519677173""",2x Innokin Plexus Pod Tank Verdampfer,"=""1.2""",Pods,,25%,15%,
CAT01287,"=""1102165""",,"=""4262519677159""",2x Innokin Plexus Pod Tank Verdampfer,"=""0.6""",Pods,,25%,15%,
CAT01288,"=""1102166""",,"=""4262519677166""",2x Innokin Plexus Pod Tank Verdampfer,"=""0.8""",Pods,,25%,15%,
CAT01289,"=""501427""",,"=""4262519677180""",Aspire Magnum Nano Pod Kit,"=""black-gaming-fuse""",Pods,,25%,15%,
CAT01290,"=""501428""",,"=""4262519677197""",Aspire Magnum Nano Pod Kit,"=""black-akira""",Pods,,25%,15%,
CAT01291,"=""501429""",,"=""4262519677203""",Aspire Magnum Nano Pod Kit,"=""silver-cloudy-skull""",Pods,,25%,15%,
CAT01292,"=""501430""",,"=""4262519677210""",Aspire Magnum Nano Pod Kit,"=""silver-miami-holiday""",Pods,,25%,15%,
CAT01293,"=""501432""",,"=""4262519677234""",Aspire Magnum Nano Pod Kit,"=""blue-violet-panda-king""",Pods,,25%,15%,
CAT01294,"=""501433""",,"=""4262519677241""",Aspire Magnum Nano Pod Kit,"=""red-old-school-tape""",Pods,,25%,15%,
CAT01295,"=""501434""",,"=""4262519677258""",Aspire Magnum Nano Pod Kit,"=""gold-parthenon-myth""",Pods,,25%,15%,
CAT01296,"=""501435""",,"=""4262519677265""",Aspire Magnum Nano Pod Kit,"=""gold-e-falcon""",Pods,,25%,15%,
CAT01297,"=""501436""",,"=""4262519677272""",Aspire Magnum Nano Pod Kit,"=""pink-lemon-cyber""",Pods,,25%,15%,
CAT01298,"=""501431""",,"=""4262519677227""",Aspire Magnum Nano Pod Kit,"=""blue-street-racoon""",Pods,,25%,15%,
CAT01299,"=""501445""",,"=""4262519677418""",Aspire Flexus SE Pod Kit,"=""midnight-black""",Pods,,25%,15%,
CAT01300,"=""501448""",,"=""4262519677432""",Aspire Flexus SE Pod Kit,"=""violet""",Pods,,25%,15%,
CAT01301,"=""501446""",,"=""4262519677449""",Aspire Flexus SE Pod Kit,"=""navy-blue""",Pods,,25%,15%,
CAT01302,"=""501447""",,"=""4262519677425""",Aspire Flexus SE Pod Kit,"=""jade-green""",Pods,,25%,15%,
CAT01303,"=""502174""",,"=""6958947197373""",Aspire Flexus SE Pod Tank Verdampfer - Ohne Coil,,Pods,,25%,15%,
CAT01304,"=""501449""",,"=""4262519677340""",Aspire Pixo Max Pod Kit,"=""glory-black""",Pods,,25%,15%,
CAT01305,"=""501452""",,"=""4262519677357""",Aspire Pixo Max Pod Kit,"=""brushed-silver""",Pods,,25%,15%,
CAT01306,"=""501453""",,"=""4262519677371""",Aspire Pixo Max Pod Kit,"=""wood-grain""",Pods,,25%,15%,
CAT01307,"=""501450""",,"=""4262519677326""",Aspire Pixo Max Pod Kit,"=""carbon-black""",Pods,,25%,15%,
CAT01308,"=""501455""",,"=""4262519677388""",Aspire Pixo Max Pod Kit,"=""pink-gradient""",Pods,,25%,15%,
CAT01309,"=""501451""",,"=""4262519677333""",Aspire Pixo Max Pod Kit,"=""speedy-black""",Pods,,25%,15%,
CAT01310,"=""501454""",,"=""4262519677463""",Aspire Pixo Max Pod Kit,"=""brushed-pink""",Pods,,25%,15%,
CAT01311,"=""501456""",,"=""4262519677364""",Aspire Pixo Max Pod Kit,"=""white-glow""",Pods,,25%,15%,
CAT01312,"=""502175""",,"=""4262519677395""",2x Aspire Pixo Dual Meshed Pod Tank Verdampfer,"=""0.4""",Pods,,25%,15%,
CAT01313,"=""502176""",,"=""4262519677401""",2x Aspire Pixo Dual Meshed Pod Tank Verdampfer,"=""0.6""",Pods,,25%,15%,
CAT01314,"=""EXM100101""",,"=""4262519674950""",Elfbar ELFX Mega Kit (VE = 100Stk),"=""silver""",ELFBAR,,25%,15%,
CAT01315,"=""EXM100102""",,"=""6942565221695""",Elfbar ELFX Mega Kit (VE = 100Stk),"=""black""",ELFBAR,,25%,15%,
CAT01316,"=""EXM100103""",,"=""6942565221749""",Elfbar ELFX Mega Kit (VE = 100Stk),"=""navy""",ELFBAR,,25%,15%,
CAT01317,"=""EXM100104""",,"=""6942565221725""",Elfbar ELFX Mega Kit (VE = 100Stk),"=""green""",ELFBAR,,25%,15%,
CAT01318,"=""EXM100105""",,"=""6942565221732""",Elfbar ELFX Mega Kit (VE = 100Stk),"=""cyan""",ELFBAR,,25%,15%,
CAT01319,"=""EXM100106""",,"=""4262519674998""",Elfbar ELFX Mega Kit (VE = 100Stk),"=""purple""",ELFBAR,,25%,15%,
CAT01320,"=""1601522""",,"=""4262519677470""",Uwell Nchku 10000 Refillable Pod Kit,"=""elegant-black""",Pods,,25%,15%,
CAT01321,"=""1601527""",,"=""4262519677524""",Uwell Nchku 10000 Refillable Pod Kit,"=""champ-gold""",Pods,,25%,15%,
CAT01322,"=""1601525""",,"=""4262519677500""",Uwell Nchku 10000 Refillable Pod Kit,"=""lake-blue""",Pods,,25%,15%,
CAT01323,"=""1601526""",,"=""4262519677517""",Uwell Nchku 10000 Refillable Pod Kit,"=""phoenix-purple""",Pods,,25%,15%,
CAT01324,"=""1601523""",,"=""4262519677487""",Uwell Nchku 10000 Refillable Pod Kit,"=""stella-silver""",Pods,,25%,15%,
CAT01325,"=""1601524""",,"=""4262519677494""",Uwell Nchku 10000 Refillable Pod Kit,"=""mist-gray""",Pods,,25%,15%,
CAT01326,"=""1601528""",,"=""4262519677531""",Uwell Nchku 10000 Refillable Pod Kit,"=""sunglow-pink""",Pods,,25%,15%,
CAT01327,"=""1602156""",,"=""4262519677548""",Uwell Nchku 10000 Pod Tank Verdampfer,"=""0.8""",Pods,,25%,15%,
CAT01328,"=""2501903""",,"=""4262519677586""",Voopoo Doric Go Pod Kit,"=""silver""",Pods,,25%,15%,
CAT01329,"=""2501904""",,"=""4262519677579""",Voopoo Doric Go Pod Kit,"=""spray-black""",Pods,,25%,15%,
CAT01330,"=""2501907""",,"=""4262519677616""",Voopoo Doric Go Pod Kit,"=""emerald-green""",Pods,,25%,15%,
CAT01331,"=""2501905""",,"=""4262519677593""",Voopoo Doric Go Pod Kit,"=""metal-gray""",Pods,,25%,15%,
CAT01332,"=""2501906""",,"=""4262519677609""",Voopoo Doric Go Pod Kit,"=""wine-red""",Pods,,25%,15%,
CAT01333,"=""801882""",,"=""4262519677890""",Vaporesso Luxe X3 Pod Kit,"=""carbon-black""",Pods,,25%,15%,
CAT01334,"=""801883""",,"=""4262519677661""",Vaporesso Luxe X3 Pod Kit,"=""fluid-blue""",Pods,,25%,15%,
CAT01335,"=""801884""",,"=""4262519677685""",Vaporesso Luxe X3 Pod Kit,"=""fluid-green""",Pods,,25%,15%,
CAT01336,"=""801885""",,"=""4262519677692""",Vaporesso Luxe X3 Pod Kit,"=""fluid-purple""",Pods,,25%,15%,
CAT01337,"=""801887""",,"=""4262519677654""",Vaporesso Luxe X3 Pod Kit,"=""grey-silk""",Pods,,25%,15%,
CAT01338,"=""801889""",,"=""4262519677678""",Vaporesso Luxe X3 Pod Kit,"=""sheer-red""",Pods,,25%,15%,
CAT01339,"=""801888""",,"=""4262519677708""",Vaporesso Luxe X3 Pod Kit,"=""sheer-pink""",Pods,,25%,15%,
CAT01340,"=""801886""",,"=""4262519677715""",Vaporesso Luxe X3 Pod Kit,"=""gold-silk""",Pods,,25%,15%,
CAT01341,"=""802149""",,"=""4262519677739""",2x Vaporesso Luxe X Dual Mesh Pod Tank Verdampfer,"=""0.4""",Pods,,25%,15%,
CAT01342,"=""802150""",,"=""4262519677746""",2x Vaporesso Luxe X Dual Mesh Pod Tank Verdampfer,"=""0.6""",Pods,,25%,15%,
CAT01343,"=""804058""",,"=""4262445579657""",4x Vaporesso XROS Series Corex 2.0 Pod Tank Verdampfer - 2ml,"=""0.6""",Pods,,25%,15%,
CAT01344,"=""10731001""",,"=""8681655737194""",Adalya Levo Open Pod Kit,"=""black""",Pods,,25%,15%,
CAT01345,"=""10732001""",,"=""8681655737286""",2x Adalya Levo Pod Tank Verdampfer,"=""0.8""",Pods,,25%,15%,
CAT01346,"=""STE5001110""",,"=""4262510829953""",2x 187 Strassenbande 187 POD Prefilled Pod - Slushy,"=""20mg""",Pods,,25%,15%,
CAT01347,"=""STE5001111""",,"=""4262510829984""",2x 187 Strassenbande 187 POD Prefilled Pod - Sunset,"=""20mg""",Pods,,25%,15%,
CAT01348,"=""STE5001112""",,"=""4262510829892""",2x 187 Strassenbande 187 POD Prefilled Pod - Fresh Lemonade,"=""20mg""",Pods,,25%,15%,
CAT01349,"=""STE5001113""",,"=""4262510829922""",2x 187 Strassenbande 187 POD Prefilled Pod - Red Mojito,"=""20mg""",Pods,,25%,15%,
CAT01350,"=""10572004""",,"=""6932570199720""",3x Elfbar ELFX V2.0 Refillable Pod,"=""0.6""",Pods,,25%,15%,
CAT01351,"=""10572005""",,"=""6932570199737""",3x Elfbar ELFX V2.0 Refillable Pod,"=""0.8""",Pods,,25%,15%,
CAT01352,"=""FXP101004""",,"=""6932570199744""",3x Elfbar ELFX V2.0 Refillable Pod (VE = 10 Stk),"=""0.6""",Pods,,25%,15%,
CAT01353,"=""FXP101005""",,"=""6932570199751""",3x Elfbar ELFX V2.0 Refillable Pod (VE = 10 Stk),"=""0.8""",Pods,,25%,15%,
CAT01354,"=""FXP2001004""",,"=""6937080568929""",3x Elfbar ELFX V2.0 Refillable Pod (VE = 200 Stk),"=""0.6""",Pods,,25%,15%,
CAT01355,"=""FXP2001005""",,"=""6937080568936""",3x Elfbar ELFX V2.0 Refillable Pod (VE = 200 Stk),"=""0.8""",Pods,,25%,15%,
CAT01356,"=""2402110""",,"=""4262519678200""",2x DotMod dotAIO Pod Tank Verdampfer,"=""1.0""",Pods,,25%,15%,
CAT01357,"=""2402112""",,"=""4262519678187""",2x DotMod dotAIO Pod Tank Verdampfer,"=""0.3""",Pods,,25%,15%,
CAT01358,"=""2402113""",,"=""4262519678170""",2x DotMod dotAIO Pod Tank Verdampfer,"=""0.2""",Pods,,25%,15%,
CAT01359,"=""2402111""",,"=""4262519678194""",2x DotMod dotAIO Pod Tank Verdampfer,"=""0.6""",Pods,,25%,15%,
CAT01360,"=""10721001""",,"=""6942565211931""",Elfbar ELFX Mini Kit,"=""silver""",ELFBAR,,25%,15%,
CAT01361,"=""10721002""",,"=""6942565211917""",Elfbar ELFX Mini Kit,"=""black""",ELFBAR,,25%,15%,
CAT01362,"=""10721003""",,"=""6942565211924""",Elfbar ELFX Mini Kit,"=""grey""",ELFBAR,,25%,15%,
CAT01363,"=""10721004""",,"=""6942565211986""",Elfbar ELFX Mini Kit,"=""ocean""",ELFBAR,,25%,15%,
CAT01364,"=""10721005""",,"=""6942565211955""",Elfbar ELFX Mini Kit,"=""pink""",ELFBAR,,25%,15%,
CAT01365,"=""XMI101001""",,"=""6942565215137""",Elfbar ELFX Mini Kit (VE = 10 Stk),"=""silver""",ELFBAR,,25%,15%,
CAT01366,"=""XMI101002""",,"=""6942565215151""",Elfbar ELFX Mini Kit (VE = 10 Stk),"=""black""",ELFBAR,,25%,15%,
CAT01367,"=""XMI101003""",,"=""6942565215144""",Elfbar ELFX Mini Kit (VE = 10 Stk),"=""grey""",ELFBAR,,25%,15%,
CAT01368,"=""XMI101004""",,"=""6942565215175""",Elfbar ELFX Mini Kit (VE = 10 Stk),"=""ocean""",ELFBAR,,25%,15%,
CAT01369,"=""XMI101005""",,"=""6942565215168""",Elfbar ELFX Mini Kit (VE = 10 Stk),"=""pink""",ELFBAR,,25%,15%,
CAT01370,"=""XMI100101""",,"=""6942565219722""",Elfbar ELFX Mini Kit (VE = 100 Stk),"=""silver""",ELFBAR,,25%,15%,
CAT01371,"=""XMI100102""",,"=""6942565219746""",Elfbar ELFX Mini Kit (VE = 100 Stk),"=""black""",ELFBAR,,25%,15%,
CAT01372,"=""XMI100103""",,"=""6942565219739""",Elfbar ELFX Mini Kit (VE = 100 Stk),"=""grey""",ELFBAR,,25%,15%,
CAT01373,"=""XMI100104""",,"=""6942565219760""",Elfbar ELFX Mini Kit (VE = 100 Stk),"=""ocean""",ELFBAR,,25%,15%,
CAT01374,"=""XMI100105""",,"=""6942565219753""",Elfbar ELFX Mini Kit (VE = 100 Stk),"=""pink""",ELFBAR,,25%,15%,
CAT01375,"=""10541006""",,"=""6942565220117""",Elfbar Elfa Turbo Pro Refillable Pod Kit,"=""black""",Pods,,25%,15%,
CAT01376,"=""10541007""",,"=""6942565220124""",Elfbar Elfa Turbo Pro Refillable Pod Kit,"=""space-grey""",Pods,,25%,15%,
CAT01377,"=""10541008""",,"=""6942565220100""",Elfbar Elfa Turbo Pro Refillable Pod Kit,"=""navy-blue""",Pods,,25%,15%,
CAT01378,"=""10541010""",,"=""6942565220148""",Elfbar Elfa Turbo Pro Refillable Pod Kit,"=""light-purple""",Pods,,25%,15%,
CAT01379,"=""10541009""",,"=""6942565220131""",Elfbar Elfa Turbo Pro Refillable Pod Kit,"=""maroon""",Pods,,25%,15%,
CAT01380,"=""TUR101006""",,"=""6942565220162""",Elfbar Elfa Turbo Pro Refillable Pod Kit (VE = 10Stk),"=""black""",Pods,,25%,15%,
CAT01381,"=""TUR101007""",,"=""6942565220179""",Elfbar Elfa Turbo Pro Refillable Pod Kit (VE = 10Stk),"=""space-grey""",Pods,,25%,15%,
CAT01382,"=""TUR101008""",,"=""6942565220155""",Elfbar Elfa Turbo Pro Refillable Pod Kit (VE = 10Stk),"=""navy-blue""",Pods,,25%,15%,
CAT01383,"=""TUR101009""",,"=""6942565220186""",Elfbar Elfa Turbo Pro Refillable Pod Kit (VE = 10Stk),"=""maroon""",Pods,,25%,15%,
CAT01384,"=""TUR101010""",,"=""6942565220193""",Elfbar Elfa Turbo Pro Refillable Pod Kit (VE = 10Stk),"=""light-purple""",Pods,,25%,15%,
CAT01385,"=""TUR201006""",,"=""6942565219791""",Elfbar Elfa Turbo Pro Refillable Pod Kit (VE = 100Stk),"=""black""",Pods,,25%,15%,
CAT01386,"=""TUR201007""",,"=""6942565219807""",Elfbar Elfa Turbo Pro Refillable Pod Kit (VE = 100Stk),"=""space-grey""",Pods,,25%,15%,
CAT01387,"=""TUR201008""",,"=""6942565219784""",Elfbar Elfa Turbo Pro Refillable Pod Kit (VE = 100Stk),"=""navy-blue""",Pods,,25%,15%,
CAT01388,"=""TUR201009""",,"=""6942565219814""",Elfbar Elfa Turbo Pro Refillable Pod Kit (VE = 100Stk),"=""maroon""",Pods,,25%,15%,
CAT01389,"=""TUR201010""",,"=""6942565219821""",Elfbar Elfa Turbo Pro Refillable Pod Kit (VE = 100Stk),"=""light-purple""",Pods,,25%,15%,
CAT01390,"=""10571006""",,"=""6942565214994""",Elfbar ELFX 2 Refillable Kit,"=""matte-black""",ELFBAR,,25%,15%,
CAT01391,"=""10571008""",,"=""6942565214987""",Elfbar ELFX 2 Refillable Kit,"=""space-grey""",ELFBAR,,25%,15%,
CAT01392,"=""10571007""",,"=""6942565214970""",Elfbar ELFX 2 Refillable Kit,"=""titanium-silver""",ELFBAR,,25%,15%,
CAT01393,"=""10571009""",,"=""6942565215045""",Elfbar ELFX 2 Refillable Kit,"=""ocean-blue""",ELFBAR,,25%,15%,
CAT01394,"=""10571010""",,"=""6942565215021""",Elfbar ELFX 2 Refillable Kit,"=""berry-pink""",ELFBAR,,25%,15%,
CAT01395,"=""FX1001006""",,"=""6942565219852""",Elfbar ELFX 2 Refillable Kit (VE = 100Stk),"=""matte-black""",ELFBAR,,25%,15%,
CAT01396,"=""FX1001007""",,"=""6942565219838""",Elfbar ELFX 2 Refillable Kit (VE = 100Stk),"=""titanium-silver""",ELFBAR,,25%,15%,
CAT01397,"=""FX1001008""",,"=""6942565219845""",Elfbar ELFX 2 Refillable Kit (VE = 100Stk),"=""space-grey""",ELFBAR,,25%,15%,
CAT01398,"=""FX1001009""",,"=""6942565219876""",Elfbar ELFX 2 Refillable Kit (VE = 100Stk),"=""ocean-blue""",ELFBAR,,25%,15%,
CAT01399,"=""FX1001010""",,"=""6942565219869""",Elfbar ELFX 2 Refillable Kit (VE = 100Stk),"=""berry-pink""",ELFBAR,,25%,15%,
CAT01400,"=""FX101006""",,"=""6942565220223""",Elfbar ELFX 2 Refillable Kit (VE = 10Stk),"=""matte-black""",ELFBAR,,25%,15%,
CAT01401,"=""FX101007""",,"=""6942565220209""",Elfbar ELFX 2 Refillable Kit (VE = 10Stk),"=""titanium-silver""",ELFBAR,,25%,15%,
CAT01402,"=""FX101008""",,"=""6942565220216""",Elfbar ELFX 2 Refillable Kit (VE = 10Stk),"=""space-grey""",ELFBAR,,25%,15%,
CAT01403,"=""FX101009""",,"=""6942565220247""",Elfbar ELFX 2 Refillable Kit (VE = 10Stk),"=""ocean-blue""",ELFBAR,,25%,15%,
CAT01404,"=""FX101010""",,"=""6942565220230""",Elfbar ELFX 2 Refillable Kit (VE = 10Stk),"=""berry-pink""",ELFBAR,,25%,15%,
CAT01405,"=""10651006""",,"=""6942565234923""",Elfbar ELFX Pro Refillable Kit V2.0 Pods,"=""black""",Pods,,25%,15%,
CAT01406,"=""10651009""",,"=""6942565234954""",Elfbar ELFX Pro Refillable Kit V2.0 Pods,"=""forest""",Pods,,25%,15%,
CAT01407,"=""10651010""",,"=""6942565234961""",Elfbar ELFX Pro Refillable Kit V2.0 Pods,"=""cowboy-brown""",Pods,,25%,15%,
CAT01408,"=""10651007""",,"=""6942565234930""",Elfbar ELFX Pro Refillable Kit V2.0 Pods,"=""white""",Pods,,25%,15%,
CAT01409,"=""10651008""",,"=""6942565234947""",Elfbar ELFX Pro Refillable Kit V2.0 Pods,"=""pink""",Pods,,25%,15%,
CAT01410,"=""EXP10101""",,"=""6942565234978""",Elfbar ELFX Pro Refillable Kit V2.0 Pods (VE = 10Stk),"=""black""",Pods,,25%,15%,
CAT01411,"=""EXP10102""",,"=""6942565234985""",Elfbar ELFX Pro Refillable Kit V2.0 Pods (VE = 10Stk),"=""white""",Pods,,25%,15%,
CAT01412,"=""EXP10103""",,"=""6942565234992""",Elfbar ELFX Pro Refillable Kit V2.0 Pods (VE = 10Stk),"=""pink""",Pods,,25%,15%,
CAT01413,"=""EXP10104""",,"=""6942565235005""",Elfbar ELFX Pro Refillable Kit V2.0 Pods (VE = 10Stk),"=""forest""",Pods,,25%,15%,
CAT01414,"=""EXP10105""",,"=""6942565235012""",Elfbar ELFX Pro Refillable Kit V2.0 Pods (VE = 10Stk),"=""cowboy-brown""",Pods,,25%,15%,
CAT01415,"=""EXP100106""",,"=""6942565219678""",Elfbar ELFX Pro Refillable Kit V2.0 Pods (VE = 100Stk),"=""black""",Pods,,25%,15%,
CAT01416,"=""EXP100107""",,"=""6942565219685""",Elfbar ELFX Pro Refillable Kit V2.0 Pods (VE = 100Stk),"=""white""",Pods,,25%,15%,
CAT01417,"=""EXP100108""",,"=""6942565219692""",Elfbar ELFX Pro Refillable Kit V2.0 Pods (VE = 100Stk),"=""pink""",Pods,,25%,15%,
CAT01418,"=""EXP100109""",,"=""6942565219708""",Elfbar ELFX Pro Refillable Kit V2.0 Pods (VE = 100Stk),"=""forest""",Pods,,25%,15%,
CAT01419,"=""EXP100110""",,"=""6942565219715""",Elfbar ELFX Pro Refillable Kit V2.0 Pods (VE = 100Stk),"=""cowboy-brown""",Pods,,25%,15%,
CAT01420,"=""8101583""",,"=""4262519678255""",OXVA Xlim Go Lite Pod Kit,"=""black""",Pods,,25%,15%,
CAT01421,"=""8101584""",,"=""4262519678248""",OXVA Xlim Go Lite Pod Kit,"=""black-carbon""",Pods,,25%,15%,
CAT01422,"=""8101587""",,"=""4262519678286""",OXVA Xlim Go Lite Pod Kit,"=""brown""",Pods,,25%,15%,
CAT01423,"=""8101586""",,"=""4262519678279""",OXVA Xlim Go Lite Pod Kit,"=""light-blue""",Pods,,25%,15%,
CAT01424,"=""8101589""",,"=""4262519678309""",OXVA Xlim Go Lite Pod Kit,"=""light-purple""",Pods,,25%,15%,
CAT01425,"=""8101590""",,"=""4262519678316""",OXVA Xlim Go Lite Pod Kit,"=""light-pink""",Pods,,25%,15%,
CAT01426,"=""8101588""",,"=""4262519678293""",OXVA Xlim Go Lite Pod Kit,"=""mist-white""",Pods,,25%,15%,
CAT01427,"=""8101585""",,"=""4262519678262""",OXVA Xlim Go Lite Pod Kit,"=""mist-blue""",Pods,,25%,15%,
CAT01428,"=""801713""",,"=""4262519671584""",Vaporesso Luxe XR Max 2 Pod Kit,"=""silver""",Pods,,25%,15%,
CAT01429,"=""801714""",,"=""4262519671560""",Vaporesso Luxe XR Max 2 Pod Kit,"=""black""",Pods,,25%,15%,
CAT01430,"=""801716""",,"=""4262519671591""",Vaporesso Luxe XR Max 2 Pod Kit,"=""blue""",Pods,,25%,15%,
CAT01431,"=""801719""",,"=""4262519671621""",Vaporesso Luxe XR Max 2 Pod Kit,"=""imperial-red-leather""",Pods,,25%,15%,
CAT01432,"=""801718""",,"=""4262519671614""",Vaporesso Luxe XR Max 2 Pod Kit,"=""red""",Pods,,25%,15%,
CAT01433,"=""801717""",,"=""4262519671607""",Vaporesso Luxe XR Max 2 Pod Kit,"=""storm-blue""",Pods,,25%,15%,
CAT01434,"=""801715""",,"=""4262519671577""",Vaporesso Luxe XR Max 2 Pod Kit,"=""dark-black-leather""",Pods,,25%,15%,
CAT01435,"=""801720""",,"=""4262519671638""",Vaporesso Luxe XR Max 2 Pod Kit,"=""flowing-purple""",Pods,,25%,15%,
CAT01436,"=""801902""",,"=""4262519678521""",Vaporesso Luxe XR Max 2 Pod Kit,"=""grey-leather""",Pods,,25%,15%,
CAT01437,"=""801903""",,"=""4262519678538""",Vaporesso Luxe XR Max 2 Pod Kit,"=""mocha-leather""",Pods,,25%,15%,
CAT01438,"=""801904""",,"=""4262519678545""",Vaporesso Luxe XR Max 2 Pod Kit,"=""cloud-pink""",Pods,,25%,15%,
CAT01439,"=""801905""",,"=""4262519678552""",Vaporesso Luxe XR Max 2 Pod Kit,"=""fog-gold""",Pods,,25%,15%,
CAT01440,"=""2502124""",,"=""4262519677623""",2x Voopoo Doric Go Pod Tank Verdampfer,"=""0.6""",Pods,,25%,15%,
CAT01441,"=""2502125""",,"=""4262519677630""",2x Voopoo Doric Go Pod Tank Verdampfer,"=""1.0""",Pods,,25%,15%,
CAT01442,"=""2502126""",,"=""4262519678002""",2x Voopoo Doric Go Pod Tank Verdampfer,"=""0.4""",Pods,,25%,15%,
CAT01443,"=""2402114""",,"=""4262519678217""",DotMod dotpod Max RBA,,Pods,,25%,15%,
CAT01444,"=""2401184""",,"=""4262519678095""",DotMod dotPod Max Kit - Ripple Edition,"=""silver""",Pods,,25%,15%,
CAT01445,"=""2401185""",,"=""4262519678101""",DotMod dotPod Max Kit - Ripple Edition,"=""gold""",Pods,,25%,15%,
CAT01446,"=""1601534""",,"=""4262519678767""",Uwell Caliburn G5 Pod Kit,"=""black-carbon""",Pods,,25%,15%,
CAT01447,"=""1601535""",,"=""4262519678774""",Uwell Caliburn G5 Pod Kit,"=""black-gold""",Pods,,25%,15%,
CAT01448,"=""1601536""",,"=""4262519678781""",Uwell Caliburn G5 Pod Kit,"=""silver-marble""",Pods,,25%,15%,
CAT01449,"=""1601537""",,"=""4262519678798""",Uwell Caliburn G5 Pod Kit,"=""navy-ripples""",Pods,,25%,15%,
CAT01450,"=""1601538""",,"=""4262519678804""",Uwell Caliburn G5 Pod Kit,"=""orange-feathers""",Pods,,25%,15%,
CAT01451,"=""1601539""",,"=""4262519678811""",Uwell Caliburn G5 Pod Kit,"=""aurora-feathers""",Pods,,25%,15%,
CAT01452,"=""1601540""",,"=""4262519678828""",Uwell Caliburn G5 Pod Kit,"=""mystic-forest""",Pods,,25%,15%,
CAT01453,"=""1601543""",,"=""4262519678859""",Uwell Caliburn G5 Lite SE Pod Kit,"=""blue-leather""",Pods,,25%,15%,
CAT01454,"=""1601544""",,"=""4262519678835""",Uwell Caliburn G5 Lite SE Pod Kit,"=""black-leather""",Pods,,25%,15%,
CAT01455,"=""1601546""",,"=""4262519678866""",Uwell Caliburn G5 Lite SE Pod Kit,"=""brown-leather""",Pods,,25%,15%,
CAT01456,"=""1601545""",,"=""4262519678842""",Uwell Caliburn G5 Lite SE Pod Kit,"=""gray-leather""",Pods,,25%,15%,
CAT01457,"=""1601549""",,"=""4262519678897""",Uwell Caliburn G5 Lite SE Pod Kit,"=""white-leather""",Pods,,25%,15%,
CAT01458,"=""1601550""",,"=""4262519678903""",Uwell Caliburn G5 Lite SE Pod Kit,"=""pink-leather""",Pods,,25%,15%,
CAT01459,"=""1601547""",,"=""4262519678873""",Uwell Caliburn G5 Lite SE Pod Kit,"=""purple-leather""",Pods,,25%,15%,
CAT01460,"=""1601548""",,"=""4262519678880""",Uwell Caliburn G5 Lite SE Pod Kit,"=""orange-leather""",Pods,,25%,15%,
CAT01461,"=""1602167""",,"=""4262519678910""",3x Uwell Caliburn GPP Alpha Pod Tank Verdampfer,"=""0.4""",Pods,,25%,15%,
CAT01462,"=""1602168""",,"=""4262519678927""",3x Uwell Caliburn GPP Alpha Pod Tank Verdampfer,"=""0.6""",Pods,,25%,15%,
CAT01463,"=""1602170""",,"=""4262519678941""",3x Uwell Caliburn GPP Alpha Pod Tank Verdampfer,"=""1.2""",Pods,,25%,15%,
CAT01464,"=""1602169""",,"=""4262519678934""",3x Uwell Caliburn GPP Alpha Pod Tank Verdampfer,"=""0.9""",Pods,,25%,15%,
CAT01465,"=""8101597""",,"=""4262519678965""",OXVA Unione Pod Kit,"=""silver-gray""",Pods,,25%,15%,
CAT01466,"=""8101598""",,"=""4262519678958""",OXVA Unione Pod Kit,"=""black-carbon""",Pods,,25%,15%,
CAT01467,"=""8101602""",,"=""4262519679009""",OXVA Unione Pod Kit,"=""light-purple""",Pods,,25%,15%,
CAT01468,"=""8101603""",,"=""4262519679016""",OXVA Unione Pod Kit,"=""blossom-pink""",Pods,,25%,15%,
CAT01469,"=""8101600""",,"=""4262519678989""",OXVA Unione Pod Kit,"=""glacier-blue""",Pods,,25%,15%,
CAT01470,"=""8101599""",,"=""4262519678972""",OXVA Unione Pod Kit,"=""sapphire-blue""",Pods,,25%,15%,
CAT01471,"=""8101601""",,"=""4262519678996""",OXVA Unione Pod Kit,"=""mint-green""",Pods,,25%,15%,
CAT01472,"=""8102124""",,"=""4262519679023""",OXVA Unione Pod Tank Verdampfer,"=""0.8""",Pods,,25%,15%,
CAT01473,"=""8101606""",,"=""4262519679030""",OXVA Slimstick X Pod Kit,"=""black""",Pods,,25%,15%,
CAT01474,"=""8101607""",,"=""4262519679047""",OXVA Slimstick X Pod Kit,"=""gray""",Pods,,25%,15%,
CAT01475,"=""8101608""",,"=""4262519679054""",OXVA Slimstick X Pod Kit,"=""blue""",Pods,,25%,15%,
CAT01476,"=""8101609""",,"=""4262519679061""",OXVA Slimstick X Pod Kit,"=""purple""",Pods,,25%,15%,
CAT01477,"=""8101610""",,"=""4262519679085""",OXVA Slimstick X Pod Kit,"=""pink""",Pods,,25%,15%,
CAT01478,"=""8101611""",,"=""4262519679078""",OXVA Slimstick X Pod Kit,"=""gold""",Pods,,25%,15%,
CAT01479,"=""8102125""",,"=""4262519679092""",2x OXVA Slimstick X Pod Tank Verdampfer,"=""1.0""",Pods,,25%,15%,
CAT01480,"=""801908""",,"=""4262519678569""",Vaporesso Eco One Pro Pod Kit - 3 ml Version,"=""midnight-black""",Pods,,25%,15%,
CAT01481,"=""801910""",,"=""4262519678606""",Vaporesso Eco One Pro Pod Kit - 3 ml Version,"=""jade-green""",Pods,,25%,15%,
CAT01482,"=""801911""",,"=""4262519678576""",Vaporesso Eco One Pro Pod Kit - 3 ml Version,"=""platinum-silver""",Pods,,25%,15%,
CAT01483,"=""801913""",,"=""4262519678590""",Vaporesso Eco One Pro Pod Kit - 3 ml Version,"=""wine-red""",Pods,,25%,15%,
CAT01484,"=""801912""",,"=""4262519678583""",Vaporesso Eco One Pro Pod Kit - 3 ml Version,"=""sapphire-blue""",Pods,,25%,15%,
CAT01485,"=""801914""",,"=""4262519678620""",Vaporesso Eco One Pro Pod Kit - 3 ml Version,"=""frost-pink""",Pods,,25%,15%,
CAT01486,"=""801909""",,"=""4262519678613""",Vaporesso Eco One Pro Pod Kit - 3 ml Version,"=""cocoa-brown""",Pods,,25%,15%,
CAT01487,"=""801915""",,"=""4262519678637""",Vaporesso Eco One Pro Pod Kit - 3 ml Version,"=""cosmic-black-leather""",Pods,,25%,15%,
CAT01488,"=""801916""",,"=""4262519678644""",Vaporesso Eco One Pro Pod Kit - 3 ml Version,"=""mocha-brown-leather""",Pods,,25%,15%,
CAT01489,"=""801917""",,"=""4262519678651""",Vaporesso Eco One Pro Pod Kit - 3 ml Version,"=""spring-green-leather""",Pods,,25%,15%,
CAT01490,"=""802151""",,"=""4262519678668""",4x Vaporesso Eco One Mesh T Pod Tank Verdampfer 3 ml,"=""0.8""",Pods,,25%,15%,
CAT01491,"=""801920""",,"=""4262519678705""",Vaporesso Luxe Q3 Pod Kit,"=""black""",Pods,,25%,15%,
CAT01492,"=""801923""",,"=""4262519678729""",Vaporesso Luxe Q3 Pod Kit,"=""red""",Pods,,25%,15%,
CAT01493,"=""801922""",,"=""4262519678712""",Vaporesso Luxe Q3 Pod Kit,"=""blue""",Pods,,25%,15%,
CAT01494,"=""801925""",,"=""4262519678750""",Vaporesso Luxe Q3 Pod Kit,"=""pink""",Pods,,25%,15%,
CAT01495,"=""801921""",,"=""4262519678743""",Vaporesso Luxe Q3 Pod Kit,"=""brown""",Pods,,25%,15%,
CAT01496,"=""801924""",,"=""4262519678736""",Vaporesso Luxe Q3 Pod Kit,"=""green""",Pods,,25%,15%,
CAT01497,"=""801928""",,"=""4262519679351""",Vaporesso Vibe SE 2 Pod Kit,"=""leather-black""",Pods,,25%,15%,
CAT01498,"=""801931""",,"=""4262519679382""",Vaporesso Vibe SE 2 Pod Kit,"=""leather-white""",Pods,,25%,15%,
CAT01499,"=""801929""",,"=""4262519679375""",Vaporesso Vibe SE 2 Pod Kit,"=""leather-grey""",Pods,,25%,15%,
CAT01500,"=""801930""",,"=""4262519679405""",Vaporesso Vibe SE 2 Pod Kit,"=""leather-brown""",Pods,,25%,15%,
CAT01501,"=""801932""",,"=""4262519679399""",Vaporesso Vibe SE 2 Pod Kit,"=""leather-pink""",Pods,,25%,15%,
CAT01502,"=""801933""",,"=""4262519679344""",Vaporesso Vibe SE 2 Pod Kit,"=""gleaming-black""",Pods,,25%,15%,
CAT01503,"=""801934""",,"=""4262519679368""",Vaporesso Vibe SE 2 Pod Kit,"=""gleaming-grey""",Pods,,25%,15%,
CAT01504,"=""801935""",,"=""4262519679429""",Vaporesso Vibe SE 2 Pod Kit,"=""gleaming-purple""",Pods,,25%,15%,
CAT01505,"=""801936""",,"=""4262519679412""",Vaporesso Vibe SE 2 Pod Kit,"=""gleaming-gold""",Pods,,25%,15%,
CAT01506,"=""802152""",,"=""4262519679436""",3x Vaporesso Vibe Dual Mesh Smart Pod Tank Verdampfer,"=""0.6 / 0.8""",Pods,,25%,15%,
CAT01507,"=""802153""",,"=""4262519679443""",3x Vaporesso Vibe Dual Mesh Smart Pod Tank Verdampfer,"=""0.7 / 1.0""",Pods,,25%,15%,
CAT01508,"=""2501926""",,"=""4262519679177""",Voopoo Argus G4 Pod Kit,"=""black""",Pods,,25%,15%,
CAT01509,"=""2501927""",,"=""4262519679184""",Voopoo Argus G4 Pod Kit,"=""silver""",Pods,,25%,15%,
CAT01510,"=""2501928""",,"=""4262519679191""",Voopoo Argus G4 Pod Kit,"=""gray""",Pods,,25%,15%,
CAT01511,"=""2501931""",,"=""4262519679221""",Voopoo Argus G4 Pod Kit,"=""brown""",Pods,,25%,15%,
CAT01512,"=""2501929""",,"=""4262519679207""",Voopoo Argus G4 Pod Kit,"=""blue""",Pods,,25%,15%,
CAT01513,"=""2501933""",,"=""4262519679245""",Voopoo Argus G4 Pod Kit,"=""orange""",Pods,,25%,15%,
CAT01514,"=""2501932""",,"=""4262519679238""",Voopoo Argus G4 Pod Kit,"=""purple""",Pods,,25%,15%,
CAT01515,"=""2501930""",,"=""4262519679214""",Voopoo Argus G4 Pod Kit,"=""green""",Pods,,25%,15%,
CAT01516,"=""2501934""",,"=""4262519679252""",Voopoo Argus G4 Mini Pod Kit,"=""black""",Pods,,25%,15%,
CAT01517,"=""2501935""",,"=""4262519679269""",Voopoo Argus G4 Mini Pod Kit,"=""silver""",Pods,,25%,15%,
CAT01518,"=""2501936""",,"=""4262519679276""",Voopoo Argus G4 Mini Pod Kit,"=""blue""",Pods,,25%,15%,
CAT01519,"=""2501940""",,"=""4262519679313""",Voopoo Argus G4 Mini Pod Kit,"=""tarnish""",Pods,,25%,15%,
CAT01520,"=""2501938""",,"=""4262519679290""",Voopoo Argus G4 Mini Pod Kit,"=""cyan-blue""",Pods,,25%,15%,
CAT01521,"=""2501937""",,"=""4262519679283""",Voopoo Argus G4 Mini Pod Kit,"=""green-gradient""",Pods,,25%,15%,
CAT01522,"=""2501941""",,"=""4262519679320""",Voopoo Argus G4 Mini Pod Kit,"=""orange""",Pods,,25%,15%,
CAT01523,"=""2501939""",,"=""4262519679306""",Voopoo Argus G4 Mini Pod Kit,"=""purple""",Pods,,25%,15%,
CAT01524,"=""2502130""",,"=""4262519679337""",3x Voopoo Argus Multi Ohm Pod Tank Verdampfer,"=""0.4 / 0.7 / 1.0""",Pods,,25%,15%,
CAT01525,"=""801939""",,"=""4262519679856""",Vaporesso XROS 6 Mini Pod Kit,"=""black""",Pods,,25%,15%,
CAT01526,"=""801942""",,"=""4262519679887""",Vaporesso XROS 6 Mini Pod Kit,"=""titanium-silver""",Pods,,25%,15%,
CAT01527,"=""801940""",,"=""4262519679863""",Vaporesso XROS 6 Mini Pod Kit,"=""brown""",Pods,,25%,15%,
CAT01528,"=""801941""",,"=""4262519679870""",Vaporesso XROS 6 Mini Pod Kit,"=""titanium-black""",Pods,,25%,15%,
CAT01529,"=""801943""",,"=""4262519679894""",Vaporesso XROS 6 Mini Pod Kit,"=""plume-pink""",Pods,,25%,15%,
CAT01530,"=""801944""",,"=""4262519679900""",Vaporesso XROS 6 Mini Pod Kit,"=""plume-blue""",Pods,,25%,15%,
CAT01531,"=""801945""",,"=""4262519679917""",Vaporesso XROS 6 Mini Pod Kit,"=""plume-white""",Pods,,25%,15%,
CAT01532,"=""801946""",,"=""4262519679924""",Vaporesso XROS 6 Mini Pod Kit,"=""jelly-pink""",Pods,,25%,15%,
CAT01533,"=""801948""",,"=""4262519679948""",Vaporesso XROS 6 Mini Pod Kit,"=""jelly-blue""",Pods,,25%,15%,
CAT01534,"=""801949""",,"=""4262519679955""",Vaporesso XROS 6 Mini Pod Kit,"=""jelly-orange""",Pods,,25%,15%,
CAT01535,"=""801947""",,"=""4262519679931""",Vaporesso XROS 6 Mini Pod Kit,"=""jelly-green""",Pods,,25%,15%,
CAT01536,"=""801950""",,"=""4262519679818""",Vaporesso XROS 6 Pod Kit,"=""pearl-white""",Pods,,25%,15%,
CAT01537,"=""801953""",,"=""4262519679764""",Vaporesso XROS 6 Pod Kit,"=""slate-black""",Pods,,25%,15%,
CAT01538,"=""801960""",,"=""4262519679849""",Vaporesso XROS 6 Pod Kit,"=""aurora-blue""",Pods,,25%,15%,
CAT01539,"=""801951""",,"=""4262519679740""",Vaporesso XROS 6 Pod Kit,"=""cosmic-black""",Pods,,25%,15%,
CAT01540,"=""801952""",,"=""4262519679757""",Vaporesso XROS 6 Pod Kit,"=""abyssal-blue""",Pods,,25%,15%,
CAT01541,"=""801954""",,"=""4262519679771""",Vaporesso XROS 6 Pod Kit,"=""carbon-fiber-gray""",Pods,,25%,15%,
CAT01542,"=""801955""",,"=""4262519679788""",Vaporesso XROS 6 Pod Kit,"=""silk-gray""",Pods,,25%,15%,
CAT01543,"=""801957""",,"=""4262519679795""",Vaporesso XROS 6 Pod Kit,"=""silk-green""",Pods,,25%,15%,
CAT01544,"=""801958""",,"=""4262519679825""",Vaporesso XROS 6 Pod Kit,"=""dreamy-pink""",Pods,,25%,15%,
CAT01545,"=""801959""",,"=""4262519679832""",Vaporesso XROS 6 Pod Kit,"=""scorching-cloud""",Pods,,25%,15%,
CAT01546,"=""801956""",,"=""4262519679801""",Vaporesso XROS 6 Pod Kit,"=""silk-brown""",Pods,,25%,15%,
CAT01547,"=""2501858""",,"=""4262519676923""",Voopoo Drag X3 Pod Kit,"=""spray-black""",Pods,,25%,15%,
CAT01548,"=""2501859""",,"=""4262519676930""",Voopoo Drag X3 Pod Kit,"=""gray-metal""",Pods,,25%,15%,
CAT01549,"=""2501864""",,"=""4262519676985""",Voopoo Drag X3 Pod Kit,"=""glow-pink""",Pods,,25%,15%,
CAT01550,"=""2501861""",,"=""4262519676954""",Voopoo Drag X3 Pod Kit,"=""aurora-purple""",Pods,,25%,15%,
CAT01551,"=""2501862""",,"=""4262519676961""",Voopoo Drag X3 Pod Kit,"=""moss-green""",Pods,,25%,15%,
CAT01552,"=""2501863""",,"=""4262519676978""",Voopoo Drag X3 Pod Kit,"=""champ-gold""",Pods,,25%,15%,
CAT01553,"=""2501860""",,"=""4262519676947""",Voopoo Drag X3 Pod Kit,"=""sky-blue""",Pods,,25%,15%,
CAT01554,"=""2501920""",,"=""4262519678675""",Voopoo Drag X3 Pod Kit,"=""carbon-fiber-black""",Pods,,25%,15%,
CAT01555,"=""2401194""",,"=""4262519679573""",DotMod dotPod Go Kit - Full Kit - Limited Edition,"=""pink""",Pods,,25%,15%,
CAT01556,"=""2401195""",,"=""4262519679580""",DotMod dotPod Go Kit - Limited Edition,"=""pink""",Pods,,25%,15%,
CAT01557,"=""10222125""",,"=""6932570192301""",2x Elfbar ELFA Pod - Triple Berries,"=""20mg""",Pods,,25%,15%,
CAT01558,"=""EFA101125""",,"=""6932570192332""",2x Elfbar ELFA Pod - Triple Berries (VE = 10Stk),"=""20mg""",Pods,,25%,15%,
CAT01559,"=""EFA4001181""",,"=""4262519676176""",2x Elfbar ELFA Pod - Triple Berries (VE = 400Stk),"=""20mg""",Pods,,25%,15%,
CAT01560,"=""ELFL10089""",,"=""4895261135594""",ELFBAR ELFLIQ Cactus Ice Nikotinsalz Liquid 10 ml,"=""20mg""",ELFBAR,,25%,15%,
CAT01561,"=""ELFL10090""",,"=""4895261135747""",ELFBAR ELFLIQ Cactus Ice Nikotinsalz Liquid 10 ml,"=""10mg""",ELFBAR,,25%,15%,
CAT01562,"=""ELFL10091""",,"=""4895261135600""",ELFBAR ELFLIQ Dragon Fruit Blackberry Nikotinsalz Liquid 10 ml,"=""20mg""",ELFBAR,,25%,15%,
CAT01563,"=""ELFL10092""",,"=""4895261135754""",ELFBAR ELFLIQ Dragon Fruit Blackberry Nikotinsalz Liquid 10 ml,"=""10mg""",ELFBAR,,25%,15%,
CAT01564,"=""EFL101127""",,"=""4895261135648""",ELFBAR ELFLIQ Cactus Ice Nikotinsalz Liquid 10 ml (VE = 10Stk),"=""20mg""",ELFBAR,,25%,15%,
CAT01565,"=""EFL101128""",,"=""4895261135792""",ELFBAR ELFLIQ Cactus Ice Nikotinsalz Liquid 10 ml (VE = 10Stk),"=""10mg""",ELFBAR,,25%,15%,
CAT01566,"=""EFL101129""",,"=""4895261135655""",ELFBAR ELFLIQ Dragon Fruit Blackberry Nikotinsalz Liquid 10 ml (VE = 10Stk),"=""20mg""",ELFBAR,,25%,15%,
CAT01567,"=""EFL101130""",,"=""4895261135808""",ELFBAR ELFLIQ Dragon Fruit Blackberry Nikotinsalz Liquid 10 ml (VE = 10Stk),"=""10mg""",ELFBAR,,25%,15%,
CAT01568,"=""EFL2001169""",,"=""4895261135693""",ELFBAR ELFLIQ Cactus Ice Nikotinsalz Liquid 10 ml (VE = 200Stk),"=""20mg""",ELFBAR,,25%,15%,
CAT01569,"=""EFL2001170""",,"=""4895261135846""",ELFBAR ELFLIQ Cactus Ice Nikotinsalz Liquid 10 ml (VE = 200Stk),"=""10mg""",ELFBAR,,25%,15%,
CAT01570,"=""EFL2001171""",,"=""4895261135709""",ELFBAR ELFLIQ Dragon Fruit Blackberry Nikotinsalz Liquid 10 ml (VE = 200Stk),"=""20mg""",ELFBAR,,25%,15%,
CAT01571,"=""EFL2001172""",,"=""4895261135853""",ELFBAR ELFLIQ Dragon Fruit Blackberry Nikotinsalz Liquid 10 ml (VE = 200Stk),"=""10mg""",ELFBAR,,25%,15%,
CAT01572,"=""10222135""",,"=""6942565255225""",2x Elfbar ELFA Pod - Raspberry Peach,"=""20mg""",Pods,,25%,15%,
CAT01573,"=""10222137""",,"=""6942565255171""",2x Elfbar ELFA Pod - Ice Tea Lemon,"=""20mg""",Pods,,25%,15%,
CAT01574,"=""10222139""",,"=""6942565255188""",2x Elfbar ELFA Pod - Vanilla White Peach,"=""20mg""",Pods,,25%,15%,
CAT01575,"=""10222141""",,"=""6942565255201""",2x Elfbar ELFA Pod - Double Mint,"=""20mg""",Pods,,25%,15%,
CAT01576,"=""EFA101135""",,"=""6942565255287""",2x Elfbar ELFA Pod - Raspberry Peach (VE = 10Stk),"=""20mg""",Pods,,25%,15%,
CAT01577,"=""EFA101137""",,"=""6942565255232""",2x Elfbar ELFA Pod - Ice Tea Lemon  (VE = 10Stk),"=""20mg""",Pods,,25%,15%,
CAT01578,"=""EFA101139""",,"=""6942565255249""",2x Elfbar ELFA Pod - Vanilla White Peach  (VE = 10Stk),"=""20mg""",Pods,,25%,15%,
CAT01579,"=""EFA101141""",,"=""6942565255263""",2x Elfbar ELFA Pod - Double Mint  (VE = 10Stk),"=""20mg""",Pods,,25%,15%,
CAT01580,"=""EFA4001191""",,"=""6942565255348""",2x Elfbar ELFA Pod - Raspberry Peach (VE = 400Stk),"=""20mg""",Pods,,25%,15%,
CAT01581,"=""EFA4001193""",,"=""6942565255294""",2x Elfbar ELFA Pod - Ice Tea Lemon (VE = 400Stk),"=""20mg""",Pods,,25%,15%,
CAT01582,"=""EFA4001195""",,"=""6942565255300""",2x Elfbar ELFA Pod - Vanilla White Peach (VE = 400Stk),"=""20mg""",Pods,,25%,15%,
CAT01583,"=""EFA4001197""",,"=""6942565255324""",2x Elfbar ELFA Pod - Double Mint (VE = 400Stk),"=""20mg""",Pods,,25%,15%,
CAT01584,"=""202124""",,"=""4262519679504""",3x Joyetech eRoll Slim Pro Pod Tank Verdampfer - Ohne Drip Tip,"=""0.8""",Pods,,25%,15%,
CAT01585,"=""EMA101010""",,"=""6942565221961""",Elfbar Elfa Master Luxe Edition Basisgerät (VE = 10Stk),"=""obsidian-black""",ELFBAR,,25%,15%,
CAT01586,"=""EMA101011""",,"=""6942565221954""",Elfbar Elfa Master Luxe Edition Basisgerät (VE = 10Stk),"=""meteor-grey""",ELFBAR,,25%,15%,
CAT01587,"=""10641010""",,"=""6942565221947""",Elfbar Elfa Master Luxe Edition Basisgerät,"=""obsidian-black""",ELFBAR,,25%,15%,
CAT01588,"=""10641011""",,"=""6942565221930""",Elfbar Elfa Master Luxe Edition Basisgerät,"=""meteor-grey""",ELFBAR,,25%,15%,
CAT01589,"=""EMA4001008""",,"=""6942565253887""",Elfbar Elfa Master Luxe Edition Basisgerät (VE = 50Stk),"=""obsidian-black""",ELFBAR,,25%,15%,
CAT01590,"=""EMA4001009""",,"=""6942565253870""",Elfbar Elfa Master Luxe Edition Basisgerät (VE = 50Stk),"=""meteor-grey""",ELFBAR,,25%,15%,
CAT01591,"=""8101478""",,"=""4262519674080""",OXVA Xlim Go 2 Pod Kit,"=""black-carbon""",Pods,,25%,15%,
CAT01592,"=""8101480""",,"=""4262519674103""",OXVA Xlim Go 2 Pod Kit,"=""metal-silver""",Pods,,25%,15%,
CAT01593,"=""8101479""",,"=""4262519674097""",OXVA Xlim Go 2 Pod Kit,"=""black-shadow""",Pods,,25%,15%,
CAT01594,"=""8101481""",,"=""4262519674110""",OXVA Xlim Go 2 Pod Kit,"=""metal-blue""",Pods,,25%,15%,
CAT01595,"=""8101484""",,"=""4262519674141""",OXVA Xlim Go 2 Pod Kit,"=""light-brown-shadow""",Pods,,25%,15%,
CAT01596,"=""8101485""",,"=""4262519674158""",OXVA Xlim Go 2 Pod Kit,"=""pink-ripple""",Pods,,25%,15%,
CAT01597,"=""8101644""",,"=""4262403381308""",OXVA Xlim Go 2 Pod Kit,"=""weave-black""",Pods,,25%,15%,
CAT01598,"=""8101646""",,"=""4262403381322""",OXVA Xlim Go 2 Pod Kit,"=""shell-white""",Pods,,25%,15%,
CAT01599,"=""8101645""",,"=""4262403381315""",OXVA Xlim Go 2 Pod Kit,"=""weave-brown""",Pods,,25%,15%,
CAT01600,"=""8101647""",,"=""4262403381339""",OXVA Xlim Go 2 Pod Kit,"=""aurora-starry-purple""",Pods,,25%,15%,
CAT01601,"=""8101648""",,"=""4262403381346""",OXVA Xlim Go 2 Pod Kit,"=""aurora-pink-blue""",Pods,,25%,15%,
CAT01602,"=""8101649""",,"=""4262403381353""",OXVA Xlim Go 2 Pod Kit,"=""shell-pink""",Pods,,25%,15%,
CAT01603,"=""8101550""",,"=""4262519675957""",OXVA Xlim 3 Ultra Pod Kit,"=""midnight-black""",Pods,,25%,15%,
CAT01604,"=""8101552""",,"=""4262519675971""",OXVA Xlim 3 Ultra Pod Kit,"=""metal-silver""",Pods,,25%,15%,
CAT01605,"=""8101555""",,"=""4262519676008""",OXVA Xlim 3 Ultra Pod Kit,"=""mint-green""",Pods,,25%,15%,
CAT01606,"=""8101557""",,"=""4262519676022""",OXVA Xlim 3 Ultra Pod Kit,"=""cherry-pink""",Pods,,25%,15%,
CAT01607,"=""8101553""",,"=""4262519675988""",OXVA Xlim 3 Ultra Pod Kit,"=""metal-gray""",Pods,,25%,15%,
CAT01608,"=""8101556""",,"=""4262519676015""",OXVA Xlim 3 Ultra Pod Kit,"=""mocha-brown""",Pods,,25%,15%,
CAT01609,"=""8101551""",,"=""4262519675964""",OXVA Xlim 3 Ultra Pod Kit,"=""ultra-carbon""",Pods,,25%,15%,
CAT01610,"=""8101554""",,"=""4262519675995""",OXVA Xlim 3 Ultra Pod Kit,"=""bordeaux-red""",Pods,,25%,15%,
CAT01611,"=""8101653""",,"=""4262403381391""",OXVA Xlim 3 Ultra Pod Kit,"=""satin-blue""",Pods,,25%,15%,
CAT01612,"=""8101654""",,"=""4262403381407""",OXVA Xlim 3 Ultra Pod Kit,"=""satin-purple""",Pods,,25%,15%,
CAT01613,"=""8101650""",,"=""4262403381360""",OXVA Xlim 3 Ultra Pod Kit,"=""stone-black""",Pods,,25%,15%,
CAT01614,"=""8101651""",,"=""4262403381377""",OXVA Xlim 3 Ultra Pod Kit,"=""satin-grey""",Pods,,25%,15%,
CAT01615,"=""8101652""",,"=""4262403381384""",OXVA Xlim 3 Ultra Pod Kit,"=""brown-beige""",Pods,,25%,15%,
CAT01616,"=""8101655""",,"=""4262403381414""",OXVA Xlim 3 Ultra Pod Kit,"=""cloud-white""",Pods,,25%,15%,
CAT01617,"=""10501013""",,"=""4262519679610""",Keystone Keyplay Pod Kit,"=""silver-black""",Pods,,25%,15%,
CAT01618,"=""10501014""",,"=""4262519679603""",Keystone Keyplay Pod Kit,"=""full-black""",Pods,,25%,15%,
CAT01619,"=""10501016""",,"=""4262519679634""",Keystone Keyplay Pod Kit,"=""gold-black""",Pods,,25%,15%,
CAT01620,"=""10501015""",,"=""4262519679627""",Keystone Keyplay Pod Kit,"=""full-green""",Pods,,25%,15%,
CAT01621,"=""10504004""",,"=""4262519679641""",Keystone Keyplay Pod Tank Verdampfer,"=""0.5""",Pods,,25%,15%,
CAT01622,"=""10504004""",,"=""4262519679641""",Keystone Keyplay Pod Tank Verdampfer,"=""black""",Pods,,25%,15%,
CAT01623,"=""10504005""",,"=""4262519679658""",Keystone Keyplay Pod Tank Verdampfer,"=""0.5""",Pods,,25%,15%,
CAT01624,"=""10504005""",,"=""4262519679658""",Keystone Keyplay Pod Tank Verdampfer,"=""green""",Pods,,25%,15%,
CAT01625,"=""8101620""",,"=""4262403381032""",OXVA NeXlim 2 Pod Kit,"=""black-warrior""",Pods,,25%,15%,
CAT01626,"=""8101621""",,"=""4262403381049""",OXVA NeXlim 2 Pod Kit,"=""black-leather""",Pods,,25%,15%,
CAT01627,"=""8101625""",,"=""4262403381087""",OXVA NeXlim 2 Pod Kit,"=""green-leather""",Pods,,25%,15%,
CAT01628,"=""8101627""",,"=""4262403381100""",OXVA NeXlim 2 Pod Kit,"=""shiny-pink""",Pods,,25%,15%,
CAT01629,"=""8101626""",,"=""4262403381094""",OXVA NeXlim 2 Pod Kit,"=""pearly-white""",Pods,,25%,15%,
CAT01630,"=""8101622""",,"=""4262403381056""",OXVA NeXlim 2 Pod Kit,"=""mocha-brown-leather""",Pods,,25%,15%,
CAT01631,"=""8101623""",,"=""4262403381063""",OXVA NeXlim 2 Pod Kit,"=""bright-brown-leather""",Pods,,25%,15%,
CAT01632,"=""8101624""",,"=""4262403381070""",OXVA NeXlim 2 Pod Kit,"=""shiny-purple""",Pods,,25%,15%,
CAT01633,"=""8101628""",,"=""4262403381117""",OXVA NeXlim 2 Pod Kit,"=""color-clash""",Pods,,25%,15%,
CAT01634,"=""8101629""",,"=""4262403381124""",OXVA NeXlim 2 Mini Pod Kit,"=""classic-black""",Pods,,25%,15%,
CAT01635,"=""8101631""",,"=""4262403381148""",OXVA NeXlim 2 Mini Pod Kit,"=""navy-blue""",Pods,,25%,15%,
CAT01636,"=""8101630""",,"=""4262403381131""",OXVA NeXlim 2 Mini Pod Kit,"=""titanium-gray""",Pods,,25%,15%,
CAT01637,"=""8101633""",,"=""4262403381162""",OXVA NeXlim 2 Mini Pod Kit,"=""mint-green""",Pods,,25%,15%,
CAT01638,"=""8101634""",,"=""4262403381179""",OXVA NeXlim 2 Mini Pod Kit,"=""mist-purple""",Pods,,25%,15%,
CAT01639,"=""8101636""",,"=""4262403381209""",OXVA NeXlim 2 Mini Pod Kit,"=""sakura-pink""",Pods,,25%,15%,
CAT01640,"=""8101632""",,"=""4262403381155""",OXVA NeXlim 2 Mini Pod Kit,"=""aurora-blue""",Pods,,25%,15%,
CAT01641,"=""8101635""",,"=""4262403381186""",OXVA NeXlim 2 Mini Pod Kit,"=""solar-gold""",Pods,,25%,15%,
CAT01642,"=""8101637""",,"=""4262403381193""",OXVA NeXlim 2 Mini Pod Kit,"=""golden-hour""",Pods,,25%,15%,
CAT01643,"=""8102126""",,"=""4262403381216""",3x OXVA NeXlim V2 Pod Tank Verdampfer,"=""0.6""",Pods,,25%,15%,
CAT01644,"=""8102127""",,"=""4262403381223""",3x OXVA NeXlim V2 Pod Tank Verdampfer,"=""0.8""",Pods,,25%,15%,
CAT01645,"=""501462""",,"=""4262403381520""",Aspire Pixo Aura 2 Pod Kit,"=""carbon-black""",Pods,,25%,15%,
CAT01646,"=""501464""",,"=""4262403381544""",Aspire Pixo Aura 2 Pod Kit,"=""sierra-blue""",Pods,,25%,15%,
CAT01647,"=""501465""",,"=""4262403381551""",Aspire Pixo Aura 2 Pod Kit,"=""sage-green""",Pods,,25%,15%,
CAT01648,"=""501466""",,"=""4262403381575""",Aspire Pixo Aura 2 Pod Kit,"=""gold""",Pods,,25%,15%,
CAT01649,"=""501463""",,"=""4262403381537""",Aspire Pixo Aura 2 Pod Kit,"=""lunar-silver""",Pods,,25%,15%,
CAT01650,"=""501467""",,"=""4262403381568""",Aspire Pixo Aura 2 Pod Kit,"=""rose-pink""",Pods,,25%,15%,
CAT01651,"=""10771001""",,"=""6937643582522""",2x Lost Mary Wavi Pod - Apple Peach,"=""20mg""",Pods,,25%,15%,
CAT01652,"=""10771002""",,"=""6937643582621""",2x Lost Mary Wavi Pod - Blackberry Ice,"=""20mg""",Pods,,25%,15%,
CAT01653,"=""10771003""",,"=""6937643582607""",2x Lost Mary Wavi Pod - Blue Razz Lemonade,"=""20mg""",Pods,,25%,15%,
CAT01654,"=""10771004""",,"=""6937643582508""",2x Lost Mary Wavi Pod - Blueberry,"=""20mg""",Pods,,25%,15%,
CAT01655,"=""10771005""",,"=""6937643584915""",2x Lost Mary Wavi Pod - Blueberry Sour Raspberry,"=""20mg""",Pods,,25%,15%,
CAT01656,"=""10771006""",,"=""6937643585097""",2x Lost Mary Wavi Pod - Cherry Cola,"=""20mg""",Pods,,25%,15%,
CAT01657,"=""10771007""",,"=""6937643582485""",2x Lost Mary Wavi Pod - Cherry Ice,"=""20mg""",Pods,,25%,15%,
CAT01658,"=""10771008""",,"=""6937643521293""",2x Lost Mary Wavi Pod - Cola,"=""20mg""",Pods,,25%,15%,
CAT01659,"=""10771009""",,"=""6937643585011""",2x Lost Mary Wavi Pod - Double Apple,"=""20mg""",Pods,,25%,15%,
CAT01660,"=""10771010""",,"=""6937643585004""",2x Lost Mary Wavi Pod - Grape,"=""20mg""",Pods,,25%,15%,
CAT01661,"=""10771011""",,"=""6937643582546""",2x Lost Mary Wavi Pod - Kiwi Passion Fruit Guava,"=""20mg""",Pods,,25%,15%,
CAT01662,"=""10771012""",,"=""6937643585066""",2x Lost Mary Wavi Pod - Lemon Lime,"=""20mg""",Pods,,25%,15%,
CAT01663,"=""10771013""",,"=""6937643582706""",2x Lost Mary Wavi Pod - Lemon Mint,"=""20mg""",Pods,,25%,15%,
CAT01664,"=""10771014""",,"=""6937643585059""",2x Lost Mary Wavi Pod - Maryturbo,"=""20mg""",Pods,,25%,15%,
CAT01665,"=""10771015""",,"=""6937643584953""",2x Lost Mary Wavi Pod - Menthol,"=""20mg""",Pods,,25%,15%,
CAT01666,"=""10771016""",,"=""6937643582478""",2x Lost Mary Wavi Pod - Mix Berries,"=""20mg""",Pods,,25%,15%,
CAT01667,"=""10771017""",,"=""6937643582515""",2x Lost Mary Wavi Pod - Peach Ice,"=""20mg""",Pods,,25%,15%,
CAT01668,"=""10771018""",,"=""6937643582539""",2x Lost Mary Wavi Pod - Pink Lemonade,"=""20mg""",Pods,,25%,15%,
CAT01669,"=""10771019""",,"=""6937643585127""",2x Lost Mary Wavi Pod - Raspberry Watermelon,"=""20mg""",Pods,,25%,15%,
CAT01670,"=""10771020""",,"=""6937643585165""",2x Lost Mary Wavi Pod - Strawberry Ice,"=""20mg""",Pods,,25%,15%,
CAT01671,"=""10771021""",,"=""6937643521286""",2x Lost Mary Wavi Pod - Strawberry Raspberry Cherry Ice,"=""20mg""",Pods,,25%,15%,
CAT01672,"=""10771022""",,"=""6937643585103""",2x Lost Mary Wavi Pod - Triple Mango,"=""20mg""",Pods,,25%,15%,
CAT01673,"=""10771023""",,"=""6937643582683""",2x Lost Mary Wavi Pod - Tropical Fruit,"=""20mg""",Pods,,25%,15%,
CAT01674,"=""10771024""",,"=""6937643582492""",2x Lost Mary Wavi Pod - Watermelon,"=""20mg""",Pods,,25%,15%,
CAT01675,"=""10771025""",,"=""6937643585219""",2x Lost Mary Wavi Pod - Wild Orange,"=""20mg""",Pods,,25%,15%,
CAT01676,"=""WAP101001""",,"=""6937643585400""",2x Lost Mary Wavi Pod - Apple Peach (VE = 10Stk),"=""20mg""",Pods,,25%,15%,
CAT01677,"=""WAP101002""",,"=""6937643585455""",2x Lost Mary Wavi Pod - Blackberry Ice (VE = 10Stk),"=""20mg""",Pods,,25%,15%,
CAT01678,"=""WAP101003""",,"=""6937643585448""",2x Lost Mary Wavi Pod - Blue Razz Lemonade (VE = 10Stk),"=""20mg""",Pods,,25%,15%,
CAT01679,"=""WAP101004""",,"=""6937643585301""",2x Lost Mary Wavi Pod - Blueberry (VE = 10Stk),"=""20mg""",Pods,,25%,15%,
CAT01680,"=""WAP101005""",,"=""6937643585585""",2x Lost Mary Wavi Pod - Blueberry Sour Raspberry (VE = 10Stk),"=""20mg""",Pods,,25%,15%,
CAT01681,"=""WAP101006""",,"=""6937643585646""",2x Lost Mary Wavi Pod - Cherry Cola (VE = 10Stk),"=""20mg""",Pods,,25%,15%,
CAT01682,"=""WAP101007""",,"=""6937643585264""",2x Lost Mary Wavi Pod - Cherry Ice (VE = 10Stk),"=""20mg""",Pods,,25%,15%,
CAT01683,"=""WAP101008""",,"=""6937643585578""",2x Lost Mary Wavi Pod - Cola (VE = 10Stk),"=""20mg""",Pods,,25%,15%,
CAT01684,"=""WAP101009""",,"=""6937643585615""",2x Lost Mary Wavi Pod - Double Apple (VE = 10Stk),"=""20mg""",Pods,,25%,15%,
CAT01685,"=""WAP101010""",,"=""6937643585608""",2x Lost Mary Wavi Pod - Grape (VE = 10Stk),"=""20mg""",Pods,,25%,15%,
CAT01686,"=""WAP101011""",,"=""6937643585431""",2x Lost Mary Wavi Pod - Kiwi Passion Fruit Guava (VE = 10Stk),"=""20mg""",Pods,,25%,15%,
CAT01687,"=""WAP101012""",,"=""6937643585639""",2x Lost Mary Wavi Pod - Lemon Lime (VE = 10Stk),"=""20mg""",Pods,,25%,15%,
CAT01688,"=""WAP101013""",,"=""6937643585554""",2x Lost Mary Wavi Pod - Lemon Mint (VE = 10Stk),"=""20mg""",Pods,,25%,15%,
CAT01689,"=""WAP101014""",,"=""6937643585622""",2x Lost Mary Wavi Pod - Maryturbo (VE = 10Stk),"=""20mg""",Pods,,25%,15%,
CAT01690,"=""WAP101015""",,"=""6937643585592""",2x Lost Mary Wavi Pod - Menthol (VE = 10Stk),"=""20mg""",Pods,,25%,15%,
CAT01691,"=""WAP101016""",,"=""6937643585226""",2x Lost Mary Wavi Pod - Mix Berries (VE = 10Stk),"=""20mg""",Pods,,25%,15%,
CAT01692,"=""WAP101017""",,"=""6937643585318""",2x Lost Mary Wavi Pod - Peach Ice (VE = 10Stk),"=""20mg""",Pods,,25%,15%,
CAT01693,"=""WAP101018""",,"=""6937643585424""",2x Lost Mary Wavi Pod - Pink Lemonade (VE = 10Stk),"=""20mg""",Pods,,25%,15%,
CAT01694,"=""WAP101019""",,"=""6937643585660""",2x Lost Mary Wavi Pod - Raspberry Watermelon (VE = 10Stk),"=""20mg""",Pods,,25%,15%,
CAT01695,"=""WAP101020""",,"=""6937643585677""",2x Lost Mary Wavi Pod - Strawberry Ice (VE = 10Stk),"=""20mg""",Pods,,25%,15%,
CAT01696,"=""WAP101021""",,"=""6937643585561""",2x Lost Mary Wavi Pod - Strawberry Raspberry Cherry Ice (VE = 10Stk),"=""20mg""",Pods,,25%,15%,
CAT01697,"=""WAP101022""",,"=""6937643585653""",2x Lost Mary Wavi Pod - Triple Mango (VE = 10Stk),"=""20mg""",Pods,,25%,15%,
CAT01698,"=""WAP101023""",,"=""6937643585530""",2x Lost Mary Wavi Pod - Tropical Fruit (VE = 10Stk),"=""20mg""",Pods,,25%,15%,
CAT01699,"=""WAP101024""",,"=""6937643585271""",2x Lost Mary Wavi Pod - Watermelon (VE = 10Stk),"=""20mg""",Pods,,25%,15%,
CAT01700,"=""WAP101025""",,"=""6937643585684""",2x Lost Mary Wavi Pod - Wild Orange (VE = 10Stk),"=""20mg""",Pods,,25%,15%,
CAT01701,"=""10751001""",,"=""6975207757900""",Lost Mary 800 Einweg E-Zigarette - Apple Peach,"=""20mg""",Einweg,,25%,15%,
CAT01702,"=""10751002""",,"=""6975207757917""",Lost Mary 800 Einweg E-Zigarette - Blackberry Cherry,"=""20mg""",Einweg,,25%,15%,
CAT01703,"=""10751003""",,"=""6975207757924""",Lost Mary 800 Einweg E-Zigarette - Blackberry Ice,"=""20mg""",Einweg,,25%,15%,
CAT01704,"=""10751004""",,"=""6975207757948""",Lost Mary 800 Einweg E-Zigarette - Blueberry Melon Passion Fruit,"=""20mg""",Einweg,,25%,15%,
CAT01705,"=""10751005""",,"=""6975207757955""",Lost Mary 800 Einweg E-Zigarette - Blueberry Raspberry Blackberry,"=""20mg""",Einweg,,25%,15%,
CAT01706,"=""10751006""",,"=""6975207757962""",Lost Mary 800 Einweg E-Zigarette - Cherry Cola,"=""20mg""",Einweg,,25%,15%,
CAT01707,"=""10751007""",,"=""6975207757986""",Lost Mary 800 Einweg E-Zigarette - Grape Ice,"=""20mg""",Einweg,,25%,15%,
CAT01708,"=""10751008""",,"=""6975207757993""",Lost Mary 800 Einweg E-Zigarette - Lemon Lime,"=""20mg""",Einweg,,25%,15%,
CAT01709,"=""10751009""",,"=""6975207758006""",Lost Mary 800 Einweg E-Zigarette - Mint,"=""20mg""",Einweg,,25%,15%,
CAT01710,"=""10751010""",,"=""6975207758037""",Lost Mary 800 Einweg E-Zigarette - Peach Ice,"=""20mg""",Einweg,,25%,15%,
CAT01711,"=""10751012""",,"=""6975207758013""",Lost Mary 800 Einweg E-Zigarette - Orange Cola,"=""20mg""",Einweg,,25%,15%,
CAT01712,"=""10751013""",,"=""6975207758051""",Lost Mary 800 Einweg E-Zigarette - Watermelon,"=""20mg""",Einweg,,25%,15%,
CAT01713,"=""10751015""",,"=""6975207757931""",Lost Mary 800 Einweg E-Zigarette - Blueberry,"=""20mg""",Einweg,,25%,15%,
CAT01714,"=""LME101001""",,"=""6975207758068""",Lost Mary 800 Einweg E-Zigarette - Apple Peach (VE = 10Stk),"=""20mg""",Einweg,,25%,15%,
CAT01715,"=""LME101002""",,"=""6975207758075""",Lost Mary 800 Einweg E-Zigarette - Blackberry Cherry (VE = 10Stk),"=""20mg""",Einweg,,25%,15%,
CAT01716,"=""LME101003""",,"=""6975207758082""",Lost Mary 800 Einweg E-Zigarette - Blackberry Ice (VE = 10Stk),"=""20mg""",Einweg,,25%,15%,
CAT01717,"=""LME101004""",,"=""6975207758105""",Lost Mary 800 Einweg E-Zigarette - Blueberry Melon Passion Fruit (VE = 10Stk),"=""20mg""",Einweg,,25%,15%,
CAT01718,"=""LME101005""",,"=""6941976217327""",Lost Mary 800 Einweg E-Zigarette - Blueberry Raspberry Blackberry (VE = 10Stk),"=""20mg""",Einweg,,25%,15%,
CAT01719,"=""LME101006""",,"=""6975207758129""",Lost Mary 800 Einweg E-Zigarette - Cherry Cola (VE = 10Stk),"=""20mg""",Einweg,,25%,15%,
CAT01720,"=""LME101007""",,"=""6975207758143""",Lost Mary 800 Einweg E-Zigarette - Grape Ice (VE = 10Stk),"=""20mg""",Einweg,,25%,15%,
CAT01721,"=""LME101008""",,"=""6975207758419""",Lost Mary 800 Einweg E-Zigarette - Lemon Lime (VE = 10Stk),"=""20mg""",Einweg,,25%,15%,
CAT01722,"=""LME101009""",,"=""6975207758426""",Lost Mary 800 Einweg E-Zigarette - Mint (VE = 10Stk),"=""20mg""",Einweg,,25%,15%,
CAT01723,"=""LME101010""",,"=""6975207758440""",Lost Mary 800 Einweg E-Zigarette - Peach Ice (VE = 10Stk),"=""20mg""",Einweg,,25%,15%,
CAT01724,"=""LME101012""",,"=""6975207758433""",Lost Mary 800 Einweg E-Zigarette - Orange Cola (VE = 10Stk),"=""20mg""",Einweg,,25%,15%,
CAT01725,"=""LME101013""",,"=""6975207758464""",Lost Mary 800 Einweg E-Zigarette - Watermelon (VE = 10Stk),"=""20mg""",Einweg,,25%,15%,
CAT01726,"=""LME101015""",,"=""6975207758099""",Lost Mary 800 Einweg E-Zigarette - Blueberry (VE = 10Stk),"=""20mg""",Einweg,,25%,15%,
CAT01727,"=""10751016""",,"=""6937643572875""",Lost Mary 800 Einweg E-Zigarette - Cherry Ice,"=""20mg""",Einweg,,25%,15%,
CAT01728,"=""10751017""",,"=""6937643572905""",Lost Mary 800 Einweg E-Zigarette - Mix Berries,"=""20mg""",Einweg,,25%,15%,
CAT01729,"=""10751018""",,"=""6932570130358""",Lost Mary 800 Einweg E-Zigarette - Peach Strawberry Watermelon Ice,"=""20mg""",Einweg,,25%,15%,
CAT01730,"=""10751019""",,"=""6932570130341""",Lost Mary 800 Einweg E-Zigarette - Pineapple Acai,"=""20mg""",Einweg,,25%,15%,
CAT01731,"=""10751020""",,"=""6932570130334""",Lost Mary 800 Einweg E-Zigarette - Tropical Fruit,"=""20mg""",Einweg,,25%,15%,
CAT01732,"=""LME101016""",,"=""6937643572929""",Lost Mary 800 Einweg E-Zigarette - Cherry Ice (VE = 10Stk),"=""20mg""",Einweg,,25%,15%,
CAT01733,"=""LME101017""",,"=""6937643573346""",Lost Mary 800 Einweg E-Zigarette - Mix Berries (VE = 10Stk),"=""20mg""",Einweg,,25%,15%,
CAT01734,"=""LME101018""",,"=""6932570130389""",Lost Mary 800 Einweg E-Zigarette - Peach Strawberry Watermelon Ice (VE = 10Stk),"=""20mg""",Einweg,,25%,15%,
CAT01735,"=""LME101019""",,"=""6932570130372""",Lost Mary 800 Einweg E-Zigarette - Pineapple Acai (VE = 10Stk),"=""20mg""",Einweg,,25%,15%,
CAT01736,"=""LME101020""",,"=""6932570130365""",Lost Mary 800 Einweg E-Zigarette - Tropical Fruit (VE = 10Stk),"=""20mg""",Einweg,,25%,15%,
CAT01737,"=""10222143""",,"=""6942565249026""",2x Elfbar ELFA Pod Filter Series - American Blend Tobacco,"=""20mg""",Pods,,25%,15%,
CAT01738,"=""10222145""",,"=""6942565249040""",2x Elfbar ELFA Pod Filter Series - Cream Tobacco,"=""20mg""",Pods,,25%,15%,
CAT01739,"=""EFA101143""",,"=""6942565249101""",2x Elfbar ELFA Pod Filter Series - American Blend Tobacco (VE = 10Stk),"=""20mg""",Pods,,25%,15%,
CAT01740,"=""EFA101145""",,"=""6942565249125""",2x Elfbar ELFA Pod Filter Series - Cream Tobacco (VE = 10Stk),"=""20mg""",Pods,,25%,15%,
CAT01741,"=""EFA4001199""",,"=""6942565269406""",2x Elfbar ELFA Pod Filter Series - American Blend Tobacco (VE = 200Stk),"=""20mg""",Pods,,25%,15%,
CAT01742,"=""EFA4001201""",,"=""6942565269413""",2x Elfbar ELFA Pod Filter Series - Cream Tobacco (VE = 200Stk),"=""20mg""",Pods,,25%,15%,
CAT01743,"=""10781001""",,"=""4895258313783""",Lost Mary Nera Max Prefilled Pod,"=""20mg""",Pods,,25%,15%,
CAT01744,"=""10781001""",,"=""4895258313783""",Lost Mary Nera Max Prefilled Pod,"=""Lemon Lime""",Pods,,25%,15%,
CAT01745,"=""10781003""",,"=""4895258313745""",Lost Mary Nera Max Prefilled Pod,"=""20mg""",Pods,,25%,15%,
CAT01746,"=""10781003""",,"=""4895258313745""",Lost Mary Nera Max Prefilled Pod,"=""Cherry Ice""",Pods,,25%,15%,
CAT01747,"=""10781006""",,"=""4895258313844""",Lost Mary Nera Max Prefilled Pod,"=""20mg""",Pods,,25%,15%,
CAT01748,"=""10781006""",,"=""4895258313844""",Lost Mary Nera Max Prefilled Pod,"=""Strawberry Ice""",Pods,,25%,15%,
CAT01749,"=""10781008""",,"=""4895258313875""",Lost Mary Nera Max Prefilled Pod,"=""20mg""",Pods,,25%,15%,
CAT01750,"=""10781008""",,"=""4895258313875""",Lost Mary Nera Max Prefilled Pod,"=""Triple Mango""",Pods,,25%,15%,
CAT01751,"=""10781009""",,"=""4895258313882""",Lost Mary Nera Max Prefilled Pod,"=""20mg""",Pods,,25%,15%,
CAT01752,"=""10781009""",,"=""4895258313882""",Lost Mary Nera Max Prefilled Pod,"=""Watermelon Ice""",Pods,,25%,15%,
CAT01753,"=""10781010""",,"=""4895258313707""",Lost Mary Nera Max Prefilled Pod,"=""20mg""",Pods,,25%,15%,
CAT01754,"=""10781010""",,"=""4895258313707""",Lost Mary Nera Max Prefilled Pod,"=""Berry Mix""",Pods,,25%,15%,
CAT01755,"=""10781002""",,"=""4895258313769""",Lost Mary Nera Max Prefilled Pod,"=""20mg""",Pods,,25%,15%,
CAT01756,"=""10781002""",,"=""4895258313769""",Lost Mary Nera Max Prefilled Pod,"=""Blueberry Cherry Blackberry""",Pods,,25%,15%,
CAT01757,"=""10781004""",,"=""4895258313776""",Lost Mary Nera Max Prefilled Pod,"=""20mg""",Pods,,25%,15%,
CAT01758,"=""10781004""",,"=""4895258313776""",Lost Mary Nera Max Prefilled Pod,"=""Mint""",Pods,,25%,15%,
CAT01759,"=""10781005""",,"=""4895258313806""",Lost Mary Nera Max Prefilled Pod,"=""20mg""",Pods,,25%,15%,
CAT01760,"=""10781005""",,"=""4895258313806""",Lost Mary Nera Max Prefilled Pod,"=""Pink Lemonade""",Pods,,25%,15%,
CAT01761,"=""10781007""",,"=""4895258313868""",Lost Mary Nera Max Prefilled Pod,"=""20mg""",Pods,,25%,15%,
CAT01762,"=""10781007""",,"=""4895258313868""",Lost Mary Nera Max Prefilled Pod,"=""Summer Grape""",Pods,,25%,15%,
CAT01763,"=""10791001""",,"=""6932570184771""",Lost Mary Nera Max Refill Pod,,Pods,,25%,15%,
CAT01764,"=""8101640""",,,OXVA NeXlim 2 Pod Kit Promo 7 + 1 Bundle 1,,Pods,,25%,15%,
CAT01765,"=""8101641""",,,OXVA NeXlim 2 Pod Kit Promo 7 + 1 Bundle 2,,Pods,,25%,15%,
CAT01766,"=""8101676""",,,OXVA NeXlim Go Pod Kit Promo 10 + 1 Gratis September Bundle,,Pods,,25%,15%,
CAT01767,"=""8101677""",,,OXVA Xlim Go 2 Pod Kit Promo 10 + 1 Gratis September Bundle,,Pods,,25%,15%,
CAT01768,"=""8101678""",,,OXVA Xlim 3 Ultra Pod Kit Promo 10 + 1 Gratis September Bundle,,Pods,,25%,15%,
CAT01769,"=""8101680""",,,OXVA Xlim Go Lite Pod Kit Promo 10 + 1 Gratis September Bundle,,Pods,,25%,15%,
CAT01770,"=""8101681""",,,OXVA Unione Pod Kit Promo 10 + 1 Gratis September Bundle,,Pods,,25%,15%,
CAT01771,"=""8101682""",,,OXVA Slimstick X Pod Kit Promo 10 + 1 Gratis September Bundle,,Pods,,25%,15%,
CAT01772,"=""8102136""",,,3x OXVA Xlim Top Fill Pod Tank Verdampfer Promo 10 + 1 Gratis September Bundle,"=""0.4""",Pods,,25%,15%,
CAT01773,"=""8102137""",,,3x OXVA Xlim Top Fill Pod Tank Verdampfer Promo 10 + 1 Gratis September Bundle,"=""0.6""",Pods,,25%,15%,
CAT01774,"=""8102138""",,,3x OXVA Xlim Top Fill Pod Tank Verdampfer Promo 10 + 1 Gratis September Bundle,"=""0.8""",Pods,,25%,15%,
CAT01775,"=""8102139""",,,3x OXVA Xlim Top Fill Pod Tank Verdampfer Promo 10 + 1 Gratis September Bundle,"=""1.2""",Pods,,25%,15%,
CAT01776,"=""8102140""",,,3x OXVA Xlim Top Fill SS Pod Tank Verdampfer Promo 10 + 1  Gratis September Bundle,"=""0.4""",Pods,,25%,15%,
CAT01777,"=""8102141""",,,3x OXVA Xlim Top Fill SS Pod Tank Verdampfer Promo 10 + 1  Gratis September Bundle,"=""0.6""",Pods,,25%,15%,
CAT01778,"=""8102142""",,,3x OXVA Xlim Top Fill SS Pod Tank Verdampfer Promo 10 + 1  Gratis September Bundle,"=""0.8""",Pods,,25%,15%,
CAT01779,"=""8102144""",,,3x OXVA Xlim Top Fill CL Pod Tank Verdampfer - 3 ml Promo 10 + 1 Gratis September Bundle,"=""0.4""",Pods,,25%,15%,
CAT01780,"=""8102145""",,,3x OXVA Xlim Top Fill CL Pod Tank Verdampfer - 3 ml Promo 10 + 1 Gratis September Bundle,"=""0.6""",Pods,,25%,15%,
CAT01781,"=""8102146""",,,3x OXVA Xlim Top Fill CL Pod Tank Verdampfer - 3 ml Promo 10 + 1 Gratis September Bundle,"=""0.8""",Pods,,25%,15%,
CAT01782,"=""8102147""",,,3x OXVA Xlim Top Fill CL Pod Tank Verdampfer - 3 ml Promo 10 + 1 Gratis September Bundle,"=""1.2""",Pods,,25%,15%,
CAT01783,"=""8102148""",,,3x OXVA ONEO Pod Tank Verdampfer Promo 10 + 1 Gratis September Bundle,"=""0.4""",Pods,,25%,15%,
CAT01784,"=""8102149""",,,3x OXVA ONEO Pod Tank Verdampfer Promo 10 + 1 Gratis September Bundle,"=""0.6""",Pods,,25%,15%,
CAT01785,"=""8102150""",,,3x OXVA ONEO Pod Tank Verdampfer Promo 10 + 1 Gratis September Bundle,"=""0.8""",Pods,,25%,15%,
CAT01786,"=""8102151""",,,2x OXVA VPRIME Pod Tank Verdampfer Promo 10 + 1 Gratis September Bundle,"=""0.4""",Pods,,25%,15%,
CAT01787,"=""8102152""",,,2x OXVA VPRIME Pod Tank Verdampfer Promo 10 + 1 Gratis September Bundle,"=""0.6""",Pods,,25%,15%,
CAT01788,"=""8102153""",,,2x OXVA VPRIME Pod Tank Verdampfer Promo 10 + 1 Gratis September Bundle,"=""0.8""",Pods,,25%,15%,
CAT01789,"=""8102155""",,,3x OXVA NeXlim Pod Tank Verdampfer Promo 10 + 1 Gratis September Bundle,"=""0.6""",Pods,,25%,15%,
CAT01790,"=""8102156""",,,3x OXVA NeXlim Pod Tank Verdampfer Promo 10 + 1 Gratis September Bundle,"=""0.8""",Pods,,25%,15%,
CAT01791,"=""8102157""",,,3x OXVA NeXlim Pod Tank Verdampfer Promo 10 + 1 Gratis September Bundle,"=""1.2""",Pods,,25%,15%,
CAT01792,"=""8102158""",,,OXVA Unione Pod Tank Verdampfer Promo 10 + 1 Gratis September Bundle,"=""0.8""",Pods,,25%,15%,
CAT01793,"=""8102159""",,,2x OXVA Slimstick X Pod Tank Verdampfer Promo 10 + 1 Gratis September Bundle,"=""1.0""",Pods,,25%,15%,
CAT01794,"=""8102160""",,,3x OXVA NeXlim V2 Pod Tank Verdampfer Promo 10 + 1 Gratis September Bundle,"=""0.6""",Pods,,25%,15%,
CAT01795,"=""8102161""",,,3x OXVA NeXlim V2 Pod Tank Verdampfer Promo 10 + 1 Gratis September Bundle,"=""0.8""",Pods,,25%,15%,
CAT01796,"=""8102162""",,,3x OXVA NeXlim V2 Pod Tank Verdampfer Promo 10 + 1 Gratis September Bundle,"=""1.2""",Pods,,25%,15%,
CAT01797,"=""8101683""",,,OXVA NeXlim 2 Mini Pod Kit Promo 10 + 1 Gratis September Bundle 1,,Pods,,25%,15%,
CAT01798,"=""8101684""",,,OXVA NeXlim 2 Mini Pod Kit Promo 10 + 1 Gratis September Bundle 2,,Pods,,25%,15%,
